longitude,latitude,year,locality
-51.080663,64.413425,2007,Storø - Qingaaq
-52.572556,71.638849,2010,Umiamako
-50.623331,69.640827,2010,Qeqertaa
-50.623408,69.640845,2010,Qeqertaa
-50.618939,69.640127,2010,Qeqertaa
-50.618104,69.640744,2010,Qeqertaa
-50.632176,69.641689,2010,Qeqertaa
-50.632176,69.641689,2010,Qeqertaa
-50.638464,69.643011,2010,Qeqertaa
-50.635551,69.641615,2010,Qeqertaa
-50.64498,69.643025,2010,Qeqertaa
-50.64498,69.643025,2010,Qeqertaa
-50.613826,69.639479,2010,Qeqertaa
-50.613826,69.639479,2010,Qeqertaa
-50.613826,69.639479,2010,Qeqertaa
-51.459421,66.35519,2005,Spider Lake 01
-51.456094,66.354043,2005,Spider Lake 02
-51.464004,66.352898,2005,Spider Lake 03
-51.464004,66.352898,2005,Spider Lake 03
-51.464004,66.352898,2005,Spider Lake 03
-51.461539,66.354915,2005,Spider Lake 07
-51.670769,66.361413,2005,Garnet Lake 01
-51.670769,66.361413,2005,Garnet Lake 01
-51.671816,66.361282,2005,Garnet Lake 10
-51.671357,66.360809,2005,Garnet Lake 11
-51.671036,66.360523,2005,Garnet Lake 12
-51.671036,66.360523,2005,Garnet Lake 12
-51.664388,66.366033,2005,Garnet Lake 08
-51.664388,66.366033,2005,Garnet Lake 08
-51.664509,66.366401,2005,Garnet Lake 15
-51.668903,66.369369,2005,Garnet Lake 14
-51.660268,66.365809,2005,Garnet Lake 05
-51.65814,66.36309,2005,Garnet Lake 18
-51.639565,66.362199,2005,Garnet Lake 13
-51.491347,66.344668,2005,Conductor
-51.491347,66.344668,2005,Conductor
-51.468101,66.555735,2005,Bulls Eye
-51.680246,66.36801,2005,Garnet Lake 23
-51.68162,66.367556,2005,Garnet Lake 24
-51.674249,66.364484,2005,Garnet Lake 25
-51.666983,66.361061,2006,Garnet Lake East
-51.660107,66.361386,2006,Garnet Lake East
-51.654112,66.362058,2006,Garnet Lake East
-51.668879,66.35672,2006,Garnet Lake South
-51.489204,66.451335,2006,DeBeers Lake
-51.499809,66.453347,2006,DeBeers Lake
-51.653266,66.36216,2006,Garnet Lake East
-51.653266,66.36216,2006,Garnet Lake East
-51.66575,66.363471,2006,Garnet Lake North
-52.07028,66.579338,2007,Jovan Pick 37
-52.128286,66.564199,2007,Jovan Pick 12
-52.256254,66.554649,2007,Jovan Pick 39
-52.168097,66.544824,2007,Jovan Pick 17
-52.40428,66.496361,2007,Jovan Pick Block 2-21 
-52.399991,66.496822,2007,Jovan Pick Block 2-21 vicinity
-52.399991,66.496822,2007,Jovan Pick Block 2-21 vicinity
-52.451132,66.497747,2007,Jovan Pick block 2-5
-52.109616,66.641169,2007,Jovan Pick 25
-52.109616,66.641169,2007,Jovan Pick 25 opp. Direction
-52.028562,66.646754,2007,Jovan Pick 36
-52.054988,66.658323,2007,Jovan Pick 34
-52.071155,66.578713,2007,Direction of Jovan Pick 37
-52.789418,71.664579,2010,Niaqornakassak
-52.789418,71.664579,2010,Niaqornakassak
-52.775805,71.663583,2010,Niaqornakassak
-52.775805,71.663583,2010,Niaqornakassak
-52.775805,71.663583,2010,Niaqornakassak
-52.811271,71.666022,2010,Niaqornakassak
-52.811271,71.666022,2010,Niaqornakassak
-52.811271,71.666022,2010,Niaqornakassak
-52.572556,71.638849,2010,Umiamako
-51.083752,64.412395,2005,Storø - Qingaaq
-51.47832,64.81585,2009,Amikoq - Paradise Valley
-24.266153,71.956903,2005,Malmbjerg Arcturus Adit
-28.313583,83.094877,2010,Citronen Fjord - Beach Zone
-51.271185,66.530327,2009,Sarfartoq - ST40
-52.203805,66.552413,2012,White Mountain (Qaqortorssuaq)
-50.973734,71.111728,2007,Black Angel - Glacier Zone
-44.90711,60.32329,2009,Kirkespirdalen Delta
-45.872151,60.866917,2007,"Ilimausaq, Kringlerne"
-44.845083,60.360111,2007,Nalunaq
-49.767939,65.203033,2010,Isua (Isukasia)
-44.837465,60.353909,2001,Nalunaq
-51.061963,64.45099,2006,Storø - Qingaaq
-46.006736,60.971755,2009,"Ilimausaq, Kvanefjeld"
-45.23619,60.52866,2009,Niaqornaarsuk Delta
-51.12005,64.66969,2008,Qussuk - Plateau
-52.20848,66.554196,2012,White Mountain (Qaqortorssuaq)
-45.039011,60.227074,2005,Lake 410
-45.871829,60.866847,2007,"Ilimausaq, Kringlerne"
-44.848474,60.360114,2004,Nalunaq
-45.868226,60.969361,2011,"Ilimausaq, Zone 3"
-45.871369,60.866644,2007,"Ilimausaq, Kringlerne"
-28.298723,83.08317,2010,Citronen Fjord - Beach Zone South
-51.081442,64.412983,2005,Storø - Qingaaq
-46.001164,60.972686,2007,"Ilimausaq, Kvanefjeld"
-51.235673,66.655763,2005,Uniiviit - Smile Lake
-51.339021,66.523314,2010,Sarfartoq - ST1
-44.839297,60.355069,2006,Nalunaq
-51.335212,66.522062,2011,Sarfartoq - ST-1
-44.834563,60.353669,2018,Nalunaq
-44.840545,60.355614,2006,Nalunaq
-44.849229,60.357025,2007,Nalunaq
-44.849751,60.35784,2007,Nalunaq
-52.033829,65.102128,2015,P-053
-51.269096,66.544831,2011,Sarfartoq - ST-31
-50.973706,71.112355,2006,Black Angel - Glacier Zone
-44.842699,60.353621,2004,Nalunaq
-44.837478,60.357684,2004,Nalunaq
-44.952285,61.193576,2010,"Motzfeldt, Aries Prospect"
-51.491581,65.425221,2018,Imiak Hill G-036
-44.846508,60.35749,2006,Nalunaq
-51.564487,65.359357,2016,Fosilik P-058
-28.300676,83.087645,2010,Citronen Fjord - Beach Zone South
-49.753047,65.201422,2010,Isua (Isukasia)
-46.001645,60.969796,2008,"Ilimausaq, Kvanefjeld"
-45.997778,60.976855,2008,"Ilimausaq, Kvanefjeld"
-51.328776,66.52426,2012,Sarfartoq - ST-1
-44.847263,60.357378,2006,Nalunaq
-51.67778,65.37395,2011,Qeqertaasaq
-45.835881,60.865863,2010,"Ilimausaq, Kringlerne"
-44.84337,60.356537,2004,Nalunaq
-31.68742,68.1689,2011,Skaergaard
-51.080603,64.414062,2015,Storø - Qingaaq
-44.849726,60.357842,2007,Nalunaq
-46.010375,60.968307,2007,"Ilimausaq, Kvanefjeld"
-50.965135,71.091274,2006,Black Angel - ARK Prospect
-51.284082,66.53162,2011,Sarfartoq - ST 40 west
-50.319999,63.011297,2008,Aappaluttoq
-49.752681,65.200123,2011,Isua (Isukasia)
-44.840381,60.35554,2006,Nalunaq
-28.2199,83.110069,2008,Citronen Fjord - Northwest Zone
-51.67312,65.3776,2011,Qeqertaasaq
-24.269652,71.958534,2007,Malmbjerg
-49.754876,65.209339,2008,Isua (Isukasia)
-52.208625,66.555043,2012,White Mountain (Qaqortorssuaq)
-50.14136,65.09199,2008,Isua (Tangent)
-51.483757,65.43599,2014,Imiak Hill
-45.847809,60.867827,2010,"Ilimausaq, Kringlerne"
-51.176181,66.498059,2010,Sarfartoq - ST24
-46.000233,60.971166,2011,"Ilimausaq, Kvanefjeld"
-51.922495,65.010203,2015,P-051
-50.319059,63.010961,2008,Aappaluttoq
-45.984918,60.978863,2008,"Ilimausaq, Kvanefjeld"
-51.67459,65.37711,2011,Qeqertaasaq
-45.997372,60.973028,2011,"Ilimausaq, Kvanefjeld"
-47.434005,60.963324,2006,Isortoq South (Snoopy Lake)
-24.126672,72.185602,2011,Blyklippen
-45.924127,60.940814,2011,"Ilimausaq, Sørensen"
-51.481828,65.435313,2014,Imiak Hill
-28.249257,83.115074,2008,Citronen Fjord - Northeast Zone
-24.269367,71.956991,2005,Malmbjerg Arcturus Adit
-44.83832,60.35308,2001,Nalunaq
-51.243286,66.452289,2010,Sarfartoq - ST19
-49.760156,65.206791,2008,Isua (Isukasia)
-51.668505,65.378701,2014,Qeqertaasaq
-45.850463,60.865826,2010,"Ilimausaq, Kringlerne"
-45.958405,60.97965,2011,"Ilimausaq, Steenstrupsfjeld"
-49.75844,65.203762,2010,Isua (Isukasia)
-51.33196,66.523518,2012,Sarfartoq - ST-1
-45.870819,60.970969,2008,"Ilimausaq, Zone 3"
-44.845684,60.356625,2004,Nalunaq
-49.754906,65.199675,2010,Isua (Isukasia)
-44.834107,60.354342,2018,Nalunaq
-28.138751,83.076194,2010,Citronen Fjord - Discovery Zone
-68.811033,76.288477,2012,Havik East
-45.840301,60.865881,2010,"Ilimausaq, Kringlerne"
-50.982009,71.112123,2006,Black Angel - Glacier Zone
-51.49018,66.355823,2008,Sarfartoq
-52.170646,66.562113,2012,White Mountain (Qaqortorssuaq)
-28.452945,83.109843,2011,Citronen Fjord - Esrum Zone
-37.702391,65.575907,2005,Ammassalik
-45.868471,60.86747,2007,"Ilimausaq, Kringlerne"
-45.23338,60.52955,2009,Niaqornaarsuk Delta
-44.850462,60.35673,2008,Nalunaq
-49.744976,65.214372,2010,Isua (Isukasia)
-45.998376,60.974709,2007,"Ilimausaq, Kvanefjeld"
-44.848801,60.356038,2005,Nalunaq
-28.420856,83.099777,2010,Citronen Fjord - Esrum Zone
-22.9198,71.5752,2011,Permdal
-28.469528,83.099299,2008,Citronen Fjord - Esrum Zone
-24.269789,71.958595,2005,Malmbjerg Schuchert Adit
-45.839007,60.867801,2010,"Ilimausaq, Kringlerne"
-47.34511,60.988326,2005,Isortoq North (Discovery Dike)
-44.831753,60.354221,2005,Nalunaq
-51.276848,66.545221,2011,Sarfartoq - ST-31
-24.26788,71.959229,2007,Malmbjerg
-47.430894,60.964198,2005,Isortoq South (Snoopy Lake)
-44.84686,60.35721,2005,Nalunaq
-28.314085,83.085727,2010,Citronen Fjord - Beach Zone South
-49.757085,65.20928,2009,Isua (Isukasia)
-45.871252,60.866563,2007,"Ilimausaq, Kringlerne"
-49.750908,65.206461,2011,Isua (Isukasia)
-31.73037,68.1633,2011,Skaergaard
-51.53965,65.366126,2018,Fossilik II Snake
-51.27022,66.529543,2011,Sarfartoq - ST-40
-51.268144,66.530018,2009,Sarfartoq - ST40
-49.754023,65.208152,2010,Isua (Isukasia)
-45.87171,60.866785,2007,"Ilimausaq, Kringlerne"
-51.477309,65.445378,2016,Mikissoq P-001
-49.752529,65.207435,2011,Isua (Isukasia)
-44.848801,60.356038,2005,Nalunaq
-50.319816,63.010659,2008,Aappaluttoq
-51.751507,65.62707,2014,Pingo P-149
-44.946681,61.196357,2011,"Motzfeldt, Aries Prospect"
-51.63572,65.207741,2013,Target P-022 Sikolik East
-31.6397,68.18134,2011,Skaergaard
-51.263941,66.45404,2009,Sarfartoq - ST19
-45.871573,60.866552,2007,"Ilimausaq, Kringlerne"
-47.434564,60.961929,2012,Isortoq South
-28.311028,83.093979,2009,Citronen Fjord - Beach Zone
-45.842528,60.865858,2010,"Ilimausaq, Kringlerne"
-51.752171,65.627525,2014,Pingo P-149
-46.004082,60.973375,2008,"Ilimausaq, Kvanefjeld"
-49.751638,65.209115,2011,Isua (Isukasia)
-49.746387,65.204889,2011,Isua (Isukasia)
-28.420856,83.099777,2010,Citronen Fjord - Esrum Zone
-45.843429,60.867908,2010,"Ilimausaq, Kringlerne"
-51.335225,66.522066,2012,Sarfartoq - ST-1 south
-51.585611,65.082568,2016,P-094
-44.842016,60.358123,2004,Nalunaq
-51.258147,65.439348,2013,Target P-049 Quagssuk
-51.085886,64.412106,2006,Storø - Qingaaq
-51.554904,64.987708,2003,Seqi
-50.319996,63.010597,2008,Aappaluttoq
-45.995566,60.977472,2008,"Ilimausaq, Kvanefjeld"
-44.837909,60.356221,2006,Nalunaq
-44.853467,60.358469,2006,Nalunaq
-28.310586,83.08493,2010,Citronen Fjord - Beach Zone South
-51.335134,66.523147,2011,Sarfartoq - ST-1
-45.034332,60.223565,2005,Lake 410
-44.953959,61.193577,2010,"Motzfeldt, Aries Prospect"
-44.845112,60.354022,2006,Nalunaq
-28.292713,83.088455,2010,Citronen Fjord - Beach Zone South
-47.434714,60.963177,2012,Isortoq South
-44.840324,60.354378,2001,Nalunaq
-28.307123,83.094213,2009,Citronen Fjord - Beach Zone
-45.868919,60.868177,2007,"Ilimausaq, Kringlerne"
-45.966184,60.985121,2008,"Ilimausaq, Steenstrupsfjeld"
-45.996087,60.976252,2009,"Ilimausaq, Kvanefjeld"
-52.170444,66.560302,2012,White Mountain (Qaqortorssuaq)
-51.246471,66.451781,2011,Sarfartoq - ST-19 east
-44.836923,60.357752,2008,Nalunaq
-45.991436,60.979357,2009,"Ilimausaq, Kvanefjeld"
-51.606719,65.075698,2016,P-030
-45.954456,60.9786,2011,"Ilimausaq, Steenstrupsfjeld"
-51.484271,65.436304,2014,Imiak Hill
-51.081492,64.412968,2005,Storø - Qingaaq
-51.329868,66.523459,2012,Sarfartoq - ST-1
-49.753236,65.209604,2010,Isua (Isukasia)
-49.754943,65.209294,2009,Isua (Isukasia)
-45.842547,60.866576,2010,"Ilimausaq, Kringlerne"
-49.780079,64.004631,2011,Tikiusaaq
-50.980681,71.112141,2006,Black Angel - Glacier Zone
-51.682211,65.373831,2014,Qeqertaasaq
-44.841299,60.356544,2006,Nalunaq
-51.269096,66.544831,2011,Sarfartoq - ST 31
-50.980681,71.112141,2007,Black Angel - Glacier Zone
-44.842139,60.358198,2008,Nalunaq
-45.993772,60.978128,2008,"Ilimausaq, Kvanefjeld"
-46.000365,60.975421,2007,"Ilimausaq, Kvanefjeld"
-53.536585,70.442891,2007,Nuussuaq Peninsular
-44.840712,60.356658,2005,Nalunaq
-47.430894,60.964198,2006,Isortoq North (Discovery Dike)
-44.83275,60.357301,2005,Nalunaq
-51.245072,65.733315,2015,P-289
-45.989141,60.978645,2008,"Ilimausaq, Kvanefjeld"
-45.997793,60.970367,2008,"Ilimausaq, Kvanefjeld"
-51.320329,66.523074,2011,Sarfartoq - ST-1 south
-51.235173,71.093201,2016,Nunngarut Prospect
-51.335397,66.524829,2009,Sarfartoq - ST1
-44.84567,60.356618,2004,Nalunaq
-45.997524,60.973694,2008,"Ilimausaq, Kvanefjeld"
-68.789135,76.286972,2012,Havik East
-45.06877,60.20861,2009,BAY Area Delta
-51.311987,66.529076,2012,Sarfartoq - ST-1 north
-44.839197,60.351919,2005,Nalunaq
-45.947961,60.949142,2008,"Ilimausaq, Valley 1"
-52.165824,66.558514,2012,White Mountain (Qaqortorssuaq)
-51.612713,65.077969,2016,P-030
-51.761273,65.648332,2014,Pingo P-161
-22.6805,71.5939,2012,"Jameson Land, Wegener Halvø"
-49.755845,65.203281,2011,Isua (Isukasia)
-45.991436,60.979366,2011,"Ilimausaq, Kvanefjeld"
-45.835994,60.867353,2010,"Ilimausaq, Kringlerne"
-51.522339,65.079604,2016,P-032
-44.836505,60.352081,2005,Nalunaq
-44.847245,60.359039,2008,Nalunaq
-28.465225,83.10399,2011,Citronen Fjord - Esrum Zone
-50.319949,63.010884,2007,Aappaluttoq
-46.008683,60.969721,2007,"Ilimausaq, Kvanefjeld"
-45.868835,60.867369,2007,"Ilimausaq, Kringlerne"
-24.039576,72.228778,2005,Malmbjerg
-44.846082,60.359407,2008,Nalunaq
-45.99231,60.979027,2007,"Ilimausaq, Kvanefjeld"
-44.836968,60.357752,2008,Nalunaq
-22.36531,71.16182,2014,Inderfjord
-51.679607,65.367947,2014,Qeqertaasaq
-51.08621,64.81399,2009,Qussuk - Swan North Zone
-45.838918,60.865126,2010,"Ilimausaq, Kringlerne"
-51.231767,66.484064,2002,Sarfartoq
-45.999823,60.96918,2008,"Ilimausaq, Kvanefjeld"
-63.378526,80.235323,2011,Cass Fjord - Main
-44.849744,60.357842,2007,Nalunaq
-44.834194,60.353107,2005,Nalunaq
-46.006175,60.966828,2008,"Ilimausaq, Kvanefjeld"
-45.838781,60.864813,2010,"Ilimausaq, Kringlerne"
-51.4752,65.444053,2013,Target P-001 Imiak North
-46.00781,60.967887,2007,"Ilimausaq, Kvanefjeld"
-45.999787,60.974549,2008,"Ilimausaq, Kvanefjeld"
-49.751903,65.205761,2011,Isua (Isukasia)
-37.804543,65.609686,2005,Ammassalik
-46.004472,60.973191,2009,"Ilimausaq, Kvanefjeld"
-44.838883,60.350554,2005,Nalunaq
-28.3083,83.085832,2010,Citronen Fjord - Beach Zone South
-49.761531,65.205535,2011,Isua (Isukasia)
-51.67726,65.37557,2011,Qeqertaasaq
-45.844072,60.867859,2010,"Ilimausaq, Kringlerne"
-51.537506,65.281189,2013,Target P-013
-46.003485,60.968253,2008,"Ilimausaq, Kvanefjeld"
-52.113427,66.573813,2012,White Mountain (Qaqortorssuaq)
-44.831965,60.352964,2005,Nalunaq
-51.474354,65.437613,2017,North of Structure IP
-28.297502,83.091775,2009,Citronen Fjord - Beach Zone
-52.07432,66.584066,2013,White Mountain (Qaqortorssuaq)
-49.754184,65.20543,2011,Isua (Isukasia)
-49.778106,64.000115,2011,Tikiusaaq
-45.996042,60.97408,2007,"Ilimausaq, Kvanefjeld"
-51.335147,66.524614,2010,Sarfartoq - ST1
-44.847535,60.356949,2006,Nalunaq
-44.835671,60.356876,2017,Nalunaq
-44.848543,60.35953,2006,Nalunaq
-44.834119,60.355246,2005,Nalunaq
-51.558483,65.358018,2017,Fossilik II P-058
-45.872342,60.866871,2007,"Ilimausaq, Kringlerne"
-44.837435,60.353307,2005,Nalunaq
-44.945741,61.19097,2011,"Motzfeldt, Aries Prospect"
-51.082196,64.412446,2010,Storø - Qingaaq
-51.931967,66.418629,2008,Sarfartoq
-50.319949,63.010884,2007,Aappaluttoq
-22.6985,71.593,2012,"Jameson Land, Wegener Halvø"
-50.13827,65.09191,2008,Isua (Tangent)
-51.083147,64.413504,2006,Storø - Qingaaq
-50.986105,71.112805,2007,Black Angel - Glacier Zone
-51.555066,64.986605,2003,Seqi
-51.09695,64.80846,2009,Qussuk - Swan North Zone
-51.484319,66.353177,2008,Sarfartoq
-51.484492,66.355159,2008,Sarfartoq
-45.993253,60.972448,2009,"Ilimausaq, Kvanefjeld"
-45.908068,60.940735,2010,"Ilimausaq, Sørensen"
-28.147423,83.075152,2008,Citronen Fjord - Beach Zone
-51.477309,65.445368,2016,P-001
-51.668647,66.358945,2008,Sarfartoq
-24.0434,72.10249,2011,Sortebjerg
-46.002212,60.973001,2009,"Ilimausaq, Kvanefjeld"
-51.808246,65.066912,2013,Target P-097
-44.91573,60.32314,2009,Kirkespirdalen Delta
-44.843807,60.356261,2004,Nalunaq
-31.72344,68.16483,2010,Skaergaard
-28.303344,83.084009,2010,Citronen Fjord - Beach Zone South
-28.137688,83.074692,2010,Citronen Fjord - Discovery Zone
-50.980774,71.101964,2007,Black Angel - Beach
-44.841453,60.349206,2017,Nalunaq
-51.086454,64.413168,2006,Storø - Qingaaq
-51.12085,64.6691,2008,Qussuk - Plateau
-45.991348,60.979346,2008,"Ilimausaq, Kvanefjeld"
-45.870245,60.866696,2007,"Ilimausaq, Kringlerne"
-51.475382,66.335468,2008,Sarfartoq
-28.293658,83.087933,2010,Citronen Fjord - Beach Zone South
-52.074046,66.582221,2013,White Mountain (Qaqortorssuaq)
-24.268011,71.954919,2005,Malmbjerg South Adit
-46.004089,60.973364,2009,"Ilimausaq, Kvanefjeld"
-24.269712,71.958601,2005,Malmbjerg Schuchert Adit
-63.518843,80.239037,2011,Cass Fjord - West Showing
-28.307695,83.0925,2009,Citronen Fjord - Beach Zone
-51.197147,65.725202,2015,P-290
-50.97509,71.112086,2006,Black Angel - Glacier Zone
-51.786958,65.620171,2014,Pingo P-146
-50.319829,63.010946,2007,Aappaluttoq
-51.11753,64.67415,2008,Qussuk - Plateau
-51.08621,64.81399,2009,Qussuk - Swan North Zone
-51.329605,66.525694,2012,Sarfartoq - ST-1 north
-28.313037,83.092387,2009,Citronen Fjord - Beach Zone
-28.304867,83.091325,2009,Citronen Fjord - Beach Zone
-50.320244,63.010966,2007,Aappaluttoq
-51.492293,65.432128,2018,Imiak Hill G-026
-50.319949,63.010884,2007,Aappaluttoq
-52.111348,66.573537,2012,White Mountain (Qaqortorssuaq)
-45.957466,60.984702,2011,"Ilimausaq, Steenstrupsfjeld"
-51.55298,64.988628,2003,Seqi
-50.319541,63.011457,2008,Aappaluttoq
-52.03358,65.101761,2015,P-053
-50.320765,63.010628,2007,Aappaluttoq
-51.267001,71.100905,2016,Nunngarut Prospect
-45.837512,60.864847,2010,"Ilimausaq, Kringlerne"
-45.846262,60.867809,2010,"Ilimausaq, Kringlerne"
-50.319479,63.010747,2008,Aappaluttoq
-50.986023,71.111819,2007,Black Angel - Glacier Zone
-51.187326,66.497894,2012,Sarfartoq - ST-24
-44.837684,60.355664,2004,Nalunaq
-31.62504,68.18526,2011,Skaergaard
-45.847609,60.867226,2010,"Ilimausaq, Kringlerne"
-28.30986,83.087396,2008,Citronen Fjord - Beach Zone
-51.333345,66.52277,2010,Sarfartoq - ST1
-68.78867,76.287742,2012,Havik East
-46.008472,60.970584,2010,"Ilimausaq, Kvanefjeld"
-44.848528,60.35953,2005,Nalunaq
-45.8696,60.865991,2007,"Ilimausaq, Kringlerne"
-45.17056,60.5787,2009,Qoorormiut Delta
-28.233783,83.079435,2010,Citronen Fjord - XX
-50.983753,71.111863,2006,Black Angel - Glacier Zone
-45.835956,60.867335,2010,"Ilimausaq, Kringlerne"
-24.269657,71.958549,2007,Malmbjerg
-51.294552,71.105777,2016,Nunngarut Prospect
-44.846552,60.357509,2006,Nalunaq
-52.031023,65.100716,2016,P-053
-47.438171,60.96347,2012,Isortoq South
-51.483757,65.43599,2014,Imiak Hill
-51.059427,71.10383,2006,Black Angel - Myers East
-28.313502,83.08658,2008,Citronen Fjord - Beach Zone
-45.98663,60.979379,2008,"Ilimausaq, Kvanefjeld"
-51.342435,65.458067,2015,P-042
-52.033118,65.100439,2016,P-053
-45.83649,60.865186,2010,"Ilimausaq, Kringlerne"
-28.304563,83.098432,2010,Citronen Fjord - Beach Zone
-51.12211,64.66908,2008,Qussuk - Plateau
-51.234959,66.656795,2005,Uniiviit - Smile Lake
-44.847255,60.359036,2008,Nalunaq
-50.320011,63.010804,2007,Aappaluttoq
-51.092669,64.410636,2007,Storø - Qingaaq
-44.849719,60.35731,2008,Nalunaq
-51.67455,65.37973,2011,Qeqertaasaq
-44.844866,60.35955,2007,Nalunaq
-51.331936,66.523356,2011,Sarfartoq - ST-1
-44.831766,60.354227,2005,Nalunaq
-52.92456,69.6429,2013,Disko
-51.452938,65.437939,2014,Spotty Hill
-45.994185,60.977281,2008,"Ilimausaq, Kvanefjeld"
-51.558374,65.357467,2017,Fossilik II P-058
-47.434894,60.964532,2012,Isortoq South
-51.283821,66.531472,2011,Sarfartoq - ST 40 west
-45.870985,60.866601,2007,"Ilimausaq, Kringlerne"
-52.109151,66.572863,2012,White Mountain (Qaqortorssuaq)
-44.834019,60.352091,2006,Nalunaq
-44.838297,60.35307,2001,Nalunaq
-51.234002,66.658412,2005,Uniiviit - Smile Lake
-51.730802,65.647629,2014,Pingo P-157
-51.087769,64.412923,2005,Storø - Qingaaq
-46.004126,60.96751,2010,"Ilimausaq, Kvanefjeld"
-46.001905,60.975157,2008,"Ilimausaq, Kvanefjeld"
-50.320143,63.011065,2007,Aappaluttoq
-50.980681,71.112141,2006,Black Angel - Glacier Zone
-51.485197,65.446593,2017,Ginger & Catfish
-51.560577,65.358351,2015,Fossilik II P-058
-28.366343,83.09714,2010,Citronen Fjord - Beach Zone
-45.996767,60.975816,2007,"Ilimausaq, Kvanefjeld"
-49.756841,65.205272,2010,Isua (Isukasia)
-24.268032,71.954914,2005,Malmbjerg South Adit
-50.320251,63.010643,2007,Aappaluttoq
-45.872037,60.866846,2007,"Ilimausaq, Kringlerne"
-50.319541,63.011457,2008,Aappaluttoq
-45.991436,60.979366,2011,"Ilimausaq, Kvanefjeld"
-68.823496,76.289123,2012,Havik East
-51.552839,65.360849,2014,Fossilik II P-004
-45.983899,60.978359,2008,"Ilimausaq, Kvanefjeld"
-50.320392,63.010554,2007,Aappaluttoq
-51.09916,64.80739,2009,Qussuk - Swan North Zone
-44.840347,60.354387,2001,Nalunaq
-49.744976,65.214372,2010,Isua (Isukasia)
-50.987517,71.112025,2007,Black Angel - Glacier Zone
-51.086556,64.4112,2006,Storø - Qingaaq
-44.844931,60.359605,2007,Nalunaq
-28.212786,83.086084,2008,Citronen Fjord - Discovery Zone
-51.733717,65.646942,2014,Pingo P-157
-51.544302,64.989716,2003,Seqi
-44.840595,60.355644,2006,Nalunaq
-45.871689,60.866579,2007,"Ilimausaq, Kringlerne"
-45.914193,60.943863,2011,"Ilimausaq, Sørensen"
-44.848474,60.360114,2004,Nalunaq
-44.840374,60.355537,2006,Nalunaq
-28.317558,83.097366,2010,Citronen Fjord - Beach Zone
-46.008778,60.97201,2007,"Ilimausaq, Kvanefjeld"
-45.995485,60.972927,2008,"Ilimausaq, Kvanefjeld"
-44.846112,60.358914,2007,Nalunaq
-51.234602,66.657298,2005,Uniiviit - Smile Lake
-24.086298,72.03278,2005,Malmbjerg
-51.087738,64.412897,2006,Storø - Qingaaq
-49.749518,65.210084,2011,Isua (Isukasia)
-44.846192,60.360302,2004,Nalunaq
-45.872104,60.866989,2007,"Ilimausaq, Kringlerne"
-44.836804,60.356601,2006,Nalunaq
-45.871689,60.866579,2007,"Ilimausaq, Kringlerne"
-51.084105,64.411217,2005,Storø - Qingaaq
-22.40886,71.11522,2014,Ice Cave
-45.840964,60.867286,2010,"Ilimausaq, Kringlerne"
-44.836118,60.355747,2004,Nalunaq
-52.113354,66.572687,2012,White Mountain (Qaqortorssuaq)
-51.533078,65.280532,2015,P-013_NE
-51.483915,66.351931,2008,Sarfartoq
-46.00232,60.977669,2008,"Ilimausaq, Kvanefjeld"
-51.452954,65.43211,2017,G-004
-44.833575,60.356401,2005,Nalunaq
-51.081578,64.414178,2015,Storø - Qingaaq
-51.498776,65.327558,2018,P-008
-50.979214,71.111719,2007,Black Angel - Glacier Zone
-45.926679,60.939737,2010,"Ilimausaq, Sørensen"
-44.837484,60.355954,2007,Nalunaq
-51.220233,71.09243,2006,Black Angel - Nunngarut Prospect
-45.989517,60.977391,2008,"Ilimausaq, Kvanefjeld"
-51.558365,65.357448,2017,Fossilik II P-058
-50.319631,63.010999,2007,Aappaluttoq
-50.319631,63.010999,2007,Aappaluttoq
-44.841088,60.354765,2006,Nalunaq
-44.847628,60.357287,2006,Nalunaq
-45.034332,60.223565,2005,Lake 410
-50.979186,71.112078,2006,Black Angel - Glacier Zone
-45.840358,60.867362,2010,"Ilimausaq, Kringlerne"
-51.573127,65.372041,2014,Fossilik I P-081
-50.319843,63.011207,2007,Aappaluttoq
-50.972322,71.112068,2006,Black Angel - Glacier Zone
-49.750584,65.208679,2010,Isua (Isukasia)
-52.108792,66.572042,2012,White Mountain (Qaqortorssuaq)
-47.43084,60.964459,2005,Isortoq South (Snoopy Lake)
-24.273485,71.95787,2007,Malmbjerg
-24.268008,71.954899,2005,Malmbjerg South Adit
-46.000035,60.970171,2010,"Ilimausaq, Kvanefjeld"
-31.72445,68.15962,2011,Skaergaard
-49.750046,65.207504,2011,Isua (Isukasia)
-51.320955,66.5285,2011,Sarfartoq - ST-1 east
-44.835601,60.355984,2005,Nalunaq
-44.840322,60.354378,2001,Nalunaq
-52.174682,66.558497,2012,White Mountain (Qaqortorssuaq)
-28.304614,83.0987,2010,Citronen Fjord - Beach Zone
-51.485274,65.436062,2013,Target P-054 Imiak Hill
-49.751378,65.210891,2010,Isua (Isukasia)
-44.87201,60.33434,2009,Kirkespirdalen Delta
-45.991957,60.976516,2011,"Ilimausaq, Kvanefjeld"
-68.736677,76.295319,2012,Havik North East
-45.869585,60.86688,2007,"Ilimausaq, Kringlerne"
-52.206062,66.552368,2012,White Mountain (Qaqortorssuaq)
-44.839197,60.351919,2005,Nalunaq
-52.115827,66.573799,2012,White Mountain (Qaqortorssuaq)
-45.875721,60.973227,2011,"Ilimausaq, Zone 3"
-44.856611,60.355239,2017,Nalunaq
-52.208387,66.552286,2012,White Mountain (Qaqortorssuaq)
-50.982009,71.112123,2006,Black Angel - Glacier Zone
-44.950964,61.193603,2010,"Motzfeldt, Aries Prospect"
-45.844001,60.865839,2010,"Ilimausaq, Kringlerne"
-44.842063,60.358142,2004,Nalunaq
-28.319567,83.089117,2011,Citronen Fjord - Beach Zone
-46.004208,60.973615,2007,"Ilimausaq, Kvanefjeld"
-45.993429,60.980127,2008,"Ilimausaq, Kvanefjeld"
-51.561477,65.358249,2012,Fossilik II
-44.845151,60.356496,2004,Nalunaq
-31.71062,68.14572,2004,Skaergaard
-49.752282,65.210372,2009,Isua (Isukasia)
-51.271536,66.530501,2011,Sarfartoq - ST 40
-44.837899,60.35654,2006,Nalunaq
-28.099969,83.07297,2010,Citronen Fjord - Southeast Zone
-28.297652,83.092178,2009,Citronen Fjord - Beach Zone
-28.290382,83.086329,2010,Citronen Fjord - Beach Zone South
-44.835634,60.353311,2018,Nalunaq
-50.982009,71.112123,2007,Black Angel - Glacier Zone
-44.847173,60.357423,2006,Nalunaq
-45.05048,60.22013,2009,Lake 210 Delta
-51.09842,64.78604,2008,Qussuk - Swan
-49.755033,65.200995,2011,Isua (Isukasia)
-52.536278,65.453004,2018,P-293a
-44.851742,60.357194,2006,Nalunaq
-51.290468,66.528364,2010,Sarfartoq - ST40/ST1
-44.91322,60.32202,2009,Kirkespirdalen Delta
-24.126672,72.185602,2011,Blyklippen
-50.97786,71.110446,2007,Black Angel - Glacier Zone
-51.332347,66.523795,2012,Sarfartoq - ST-1
-44.853883,60.353431,2017,Nalunaq
-45.84032,60.866599,2010,"Ilimausaq, Kringlerne"
-24.27278,71.956654,2005,Malmbjerg Arcturus Adit
-44.849769,60.356787,2007,Nalunaq
-50.983753,71.111863,2006,Black Angel - Glacier Zone
-44.846348,60.359756,2004,Nalunaq
-51.062021,64.451004,2006,Storø - Qingaaq
-51.693462,66.373775,2008,Sarfartoq
-28.301319,83.085511,2010,Citronen Fjord - Beach Zone South
-44.840481,60.355283,2006,Nalunaq
-45.99622,60.972579,2007,"Ilimausaq, Kvanefjeld"
-51.339021,66.523314,2010,Sarfartoq - ST1
-28.330348,83.095646,2011,Citronen Fjord - Beach Zone
-51.08645,64.413166,2006,Storø - Qingaaq
-44.84042,60.355279,2006,Nalunaq
-45.991402,60.972294,2008,"Ilimausaq, Kvanefjeld"
-51.300858,66.754977,2001,Umiiviit
-22.36079,71.11679,2014,Ice Cave
-68.80533,76.288132,2012,Havik East
-45.848438,60.866539,2010,"Ilimausaq, Kringlerne"
-67.716431,76.230916,2012,Haematite Nunatak
-50.959053,71.091049,2006,Black Angel - ARK Prospect
-45.999753,60.97196,2008,"Ilimausaq, Kvanefjeld"
-28.182683,83.074511,2008,Citronen Fjord - Discovery Zone
-28.308878,83.087318,2010,Citronen Fjord - Beach Zone South
-52.028975,65.100375,2016,P-053
-51.528444,65.279238,2015,P-013_NE
-50.319479,63.010747,2008,Aappaluttoq
-44.844684,60.360001,2007,Nalunaq
-52.033204,65.100849,2015,P-053
-51.335266,66.527083,2011,Sarfartoq - ST-1 east
-50.964583,71.091041,2006,Black Angel - ARK Prospect
-28.422604,83.096304,2008,Citronen Fjord - Esrum Zone
-51.006994,71.086992,2007,Black Angel - Wedge
-52.119975,66.570883,2012,White Mountain (Qaqortorssuaq)
-45.92698,60.939906,2011,"Ilimausaq, Sørensen"
-45.994815,60.972185,2007,"Ilimausaq, Kvanefjeld"
-51.561955,65.358049,2014,Fossilik II P-058
-51.238077,66.480026,2008,Sarfartoq
-51.268844,66.530259,2010,Sarfartoq - ST40
-46.000252,60.971175,2009,"Ilimausaq, Kvanefjeld"
-51.485274,65.436062,2013,Target P-054 Imiak Hill
-28.320822,83.094543,2009,Citronen Fjord - Beach Zone
-50.319816,63.010659,2008,Aappaluttoq
-45.999924,60.973165,2008,"Ilimausaq, Kvanefjeld"
-51.4849,64.82076,2009,Amikoq - Paradise Valley
-31.66746,68.18173,2011,Skaergaard
-52.033149,65.100853,2016,
-63.522373,80.239838,2011,Cass Fjord - West Showing
-52.026119,66.828815,2013,Ikertoq
-45.925406,60.941631,2011,"Ilimausaq, Sørensen"
-51.135305,65.475118,2015,G-013
-47.440143,60.960822,2012,Isortoq South
-45.838846,60.866581,2010,"Ilimausaq, Kringlerne"
-49.752114,65.20491,2011,Isua (Isukasia)
-51.483757,65.43599,2014,Imiak Hill
-24.285,71.959,2005,Malmbjerg
-45.16831,60.58004,2009,Qoorormiut Delta
-50.980681,71.112141,2006,Black Angel - Glacier Zone
-52.204182,66.555209,2012,White Mountain (Qaqortorssuaq)
-50.977858,71.111809,2007,Black Angel - Glacier Zone
-24.269454,71.957091,2005,Malmbjerg Arcturus Adit
-51.092669,64.410636,2007,Storø - Qingaaq
-51.087729,64.412902,2005,Storø - Qingaaq
-51.335372,66.522779,2011,Sarfartoq - ST-1
-44.828842,60.35614,2019,Nalunaq
-31.60489,68.17425,2008,Skaergaard
-31.63704,68.17123,2004,Skaergaard
-45.871704,60.866776,2007,"Ilimausaq, Kringlerne"
-28.306038,83.092406,2008,Citronen Fjord - Beach Zone
-44.952285,61.193576,2010,"Motzfeldt, Aries Prospect"
-51.081438,64.412977,2005,Storø - Qingaaq
-51.268844,66.530259,2010,Sarfartoq - ST40
-51.329326,66.524215,2011,Sarfartoq - ST-1
-44.846348,60.359756,2004,Nalunaq
-51.67442,65.3764,2011,Qeqertaasaq
-51.447313,66.445603,2008,Sarfartoq
-51.476118,65.445421,2016,Mikissoq P-001
-52.208125,66.551713,2012,White Mountain (Qaqortorssuaq)
-44.838149,60.356107,2006,Nalunaq
-44.849939,60.356819,2007,Nalunaq
-51.111,64.68189,2008,Qussuk - Plateau
-51.663563,66.355136,2008,Sarfartoq
-51.333775,66.522637,2011,Sarfartoq - ST-1
-51.08866,64.81291,2009,Qussuk - Swan North Zone
-45.866919,60.970886,2011,"Ilimausaq, Zone 3"
-45.992567,60.978481,2008,"Ilimausaq, Kvanefjeld"
-51.922495,65.010203,2015,P-051
-44.832193,60.353028,2018,Nalunaq
-45.23191,60.52855,2009,Niaqornaarsuk Delta
-45.998948,60.976491,2007,"Ilimausaq, Kvanefjeld"
-45.921659,60.942896,2011,"Ilimausaq, Sørensen"
-51.48635,64.82178,2009,Amikoq - Paradise Valley
-68.751898,76.292019,2012,Havik North East
-37.702391,65.575907,2005,Ammassalik
-51.534051,65.282018,2013,Target P-013
-37.747001,65.585416,2005,Ammassalik
-24.085874,72.030476,2005,Malmbjerg
-51.232392,66.660414,2005,Uniiviit - Smile Lake
-46.002083,60.967682,2008,"Ilimausaq, Kvanefjeld"
-51.335212,66.522062,2011,Sarfartoq - ST-1
-51.769585,65.624459,2018,Pingo E
-50.17599,65.09151,2008,Isua (Tangent)
-45.838167,60.865948,2010,"Ilimausaq, Kringlerne"
-44.843348,60.356519,2004,Nalunaq
-44.831664,60.353647,2018,Nalunaq
-44.846348,60.359756,2004,Nalunaq
-44.849599,60.357748,2007,Nalunaq
-44.827415,60.358607,2019,Nalunaq
-28.238629,83.079925,2010,Citronen Fjord - XX
-51.244811,66.452187,2010,Sarfartoq - ST19
-45.988041,60.975368,2010,"Ilimausaq, Kvanefjeld"
-51.273069,71.088191,2014,Black Angel - Nunngarut Prospect
-45.924197,60.936881,2010,"Ilimausaq, Sørensen"
-51.527908,65.280491,2016,P-013
-50.943202,71.094022,2006,Black Angel - ARK Prospect
-51.56438,65.35937,2016,P-058
-44.835831,60.355232,2006,Nalunaq
-28.291162,83.082519,2010,Citronen Fjord - Beach Zone South
-45.847683,60.866526,2010,"Ilimausaq, Kringlerne"
-45.865513,60.968076,2011,"Ilimausaq, Zone 3"
-51.561234,65.358627,2014,Fossilik II P-058
-51.528453,65.280746,2014,Target P-013
-50.97509,71.112086,2006,Black Angel - Glacier Zone
-45.07006,60.207,2009,BAY Area Delta
-51.329672,66.523996,2011,Sarfartoq - ST-1
-51.292057,66.535331,2012,Sarfartoq - ST-1 north
-51.477371,65.445323,2017,Mikissoq P-001
-51.546715,65.360664,2014,Fossilik II P-004
-44.835088,60.353903,2018,Nalunaq
-45.871929,60.866667,2007,"Ilimausaq, Kringlerne"
-45.866747,60.969999,2011,"Ilimausaq, Zone 3"
-45.874262,60.97391,2011,"Ilimausaq, Zone 3"
-45.87126,60.866501,2007,"Ilimausaq, Kringlerne"
-45.989363,60.965581,2009,"Ilimausaq, Kvanefjeld"
-45.872222,60.8668,2007,"Ilimausaq, Kringlerne"
-46.000251,60.971166,2011,"Ilimausaq, Kvanefjeld"
-51.328986,66.525702,2011,Sarfartoq - ST-1
-51.432598,66.437615,2008,Sarfartoq
-45.988026,60.974473,2008,"Ilimausaq, Kvanefjeld"
-52.111551,66.571941,2012,White Mountain (Qaqortorssuaq)
-51.331046,66.523575,2011,Sarfartoq - ST-1
-45.921659,60.942896,2011,"Ilimausaq, Sørensen"
-51.11378,64.68165,2008,Qussuk - Plateau
-37.747001,65.585416,2005,Ammassalik
-51.454488,65.434897,2016,P-055
-44.850184,60.356953,2007,Nalunaq
-37.747001,65.585416,2005,Ammassalik
-50.31953,63.011098,2008,Aappaluttoq
-50.31953,63.011098,2007,Aappaluttoq
-49.755012,65.200994,2011,Isua (Isukasia)
-51.271292,66.535997,2010,Sarfartoq - ST40
-44.835671,60.356876,2017,Nalunaq
-44.848556,60.359531,2006,Nalunaq
-46.005356,60.973696,2009,"Ilimausaq, Kvanefjeld"
-44.84935,60.356961,2007,Nalunaq
-28.261944,83.087112,2008,Citronen Fjord - Beach Zone
-51.339032,66.522453,2012,Sarfartoq - ST-1 south
-52.077632,66.581122,2013,White Mountain (Qaqortorssuaq)
-44.849166,60.357594,2007,Nalunaq
-45.87247,60.866933,2007,"Ilimausaq, Kringlerne"
-51.09916,64.80739,2009,Qussuk - Swan North Zone
-51.65797,65.376361,2014,Qeqertaasaq
-51.485411,65.436493,2013,Target P-054 Imiak Hill
-28.302489,83.091359,2009,Citronen Fjord - Beach Zone
-52.165928,66.562079,2012,White Mountain (Qaqortorssuaq)
-51.332544,66.524123,2011,Sarfartoq - ST-1
-47.430883,60.964054,2006,Isortoq South (Snoopy Lake)
-44.8496,60.357747,2007,Nalunaq
-28.303019,83.102513,2010,Citronen Fjord - Beach Zone
-51.274817,71.104435,2016,Nunngarut Prospect
-51.093743,64.409137,2010,Storø - Qingaaq
-46.016712,60.977535,2009,"Ilimausaq, Kvanefjeld"
-24.272785,71.956591,2005,Malmbjerg Arcturus Adit
-51.244062,66.452232,2011,Sarfartoq - ST-19 east
-46.000644,60.978616,2008,"Ilimausaq, Kvanefjeld"
-31.68652,68.16964,2010,Skaergaard
-46.012211,60.96789,2010,"Ilimausaq, Kvanefjeld"
-51.09254,64.8108,2008,Qussuk - Swan North Zone
-44.828842,60.35614,2019,Nalunaq
-45.86234,60.863478,2007,"Ilimausaq, Kringlerne"
-63.375923,80.234923,2011,Cass Fjord - Main
-45.997354,60.973037,2011,"Ilimausaq, Kvanefjeld"
-44.833278,60.356813,2005,Nalunaq
-28.141705,83.07427,2010,Citronen Fjord - Discovery Zone
-51.33266,66.523696,2010,Sarfartoq - ST1
-51.082196,64.412446,2010,Storø - Qingaaq
-44.841273,60.356544,2006,Nalunaq
-28.314278,83.102482,2010,Citronen Fjord - Beach Zone
-50.316306,63.012949,2007,Aappaluttoq - Ridgetop
-45.837335,60.865145,2010,"Ilimausaq, Kringlerne"
-52.189019,66.557953,2012,White Mountain (Qaqortorssuaq)
-50.320143,63.011065,2007,Aappaluttoq
-45.990033,60.973706,2008,"Ilimausaq, Kvanefjeld"
-45.994093,60.979251,2008,"Ilimausaq, Kvanefjeld"
-52.033204,65.100831,2015,P-053
-50.967867,71.111413,2006,Black Angel - Glacier Zone
-50.977858,71.111809,2007,Black Angel - Glacier Zone
-51.41867,64.77067,2006,Amikoq South
-51.08533,64.81333,2008,Qussuk - Swan North Zone
-45.871483,60.866652,2007,"Ilimausaq, Kringlerne"
-22.40886,71.11522,2014,Ice Cave
-45.870211,60.970344,2011,"Ilimausaq, Zone 3"
-45.867171,60.867883,2007,"Ilimausaq, Kringlerne"
-28.304394,83.081676,2008,Citronen Fjord - Beach Zone
-45.87167,60.866884,2007,"Ilimausaq, Kringlerne"
-45.993129,60.973284,2007,"Ilimausaq, Kvanefjeld"
-45.912561,60.942949,2011,"Ilimausaq, Sørensen"
-52.072221,66.583572,2013,White Mountain (Qaqortorssuaq)
-44.847575,60.356973,2006,Nalunaq
-50.320367,63.01077,2007,Aappaluttoq
-50.966815,71.111718,2006,Black Angel - Glacier Zone
-51.561373,65.360194,2016,P-058
-53.506225,70.441931,2007,Nuussuaq Peninsular
-51.314685,66.712249,2001,Umiiviit
-44.831858,60.354752,2018,Nalunaq
-50.969555,71.11196,2006,Black Angel - Glacier Zone
-50.976474,71.111853,2006,Black Angel - Glacier Zone
-44.84847,60.357111,2007,Nalunaq
-44.849697,60.357426,2008,Nalunaq
-51.453617,65.437412,2014,Spotty Hill
-45.871887,60.86708,2007,"Ilimausaq, Kringlerne"
-45.17125,60.58038,2009,Qoorormiut Delta
-45.847003,60.867266,2010,"Ilimausaq, Kringlerne"
-45.991957,60.976516,2011,"Ilimausaq, Kvanefjeld"
-44.834154,60.355811,2005,Nalunaq
-24.266124,71.956879,2005,Malmbjerg Arcturus Adit
-68.810417,76.289239,2012,Havik East
-49.757048,65.207956,2010,Isua (Isukasia)
-45.927826,60.941085,2011,"Ilimausaq, Sørensen"
-44.834189,60.354021,2005,Nalunaq
-51.679953,66.35555,2008,Sarfartoq
-44.838287,60.357324,2004,Nalunaq
-50.320591,63.010465,2007,Aappaluttoq
-50.977859,71.111343,2007,Black Angel - Glacier Zone
-45.22766,60.52818,2009,Niaqornaarsuk Delta
-44.845002,60.359902,2008,Nalunaq
-51.278765,66.534117,2010,Sarfartoq - ST40
-49.750399,65.211815,2008,Isua (Isukasia)
-51.337296,66.523856,2012,Sarfartoq - ST-1
-44.844833,60.359736,2007,Nalunaq
-28.309653,83.083535,2011,Citronen Fjord - Beach Zone South
-51.266173,66.529359,2011,Sarfartoq - ST-40
-44.828842,60.35614,2019,Nalunaq
-45.997268,60.975361,2008,"Ilimausaq, Kvanefjeld"
-28.313728,83.094858,2010,Citronen Fjord - Beach Zone
-51.222213,71.091486,2006,Black Angel - Nunngarut Prospect
-51.111,64.68189,2008,Qussuk - Plateau
-51.47774,64.81811,2009,Amikoq - Paradise Valley
-50.319723,63.011278,2007,Aappaluttoq
-51.558385,65.357489,2017,Fossilik II P-058
-51.239565,66.452761,2011,Sarfartoq - ST-19 east
-44.845672,60.356606,2004,Nalunaq
-51.11061,64.69365,2008,Qussuk - Swan North Zone
-45.991621,60.978059,2008,"Ilimausaq, Kvanefjeld"
-51.589929,65.078583,2013,Target P-061
-44.849169,60.357569,2007,Nalunaq
-46.008208,60.968665,2010,"Ilimausaq, Kvanefjeld"
-44.853456,60.358473,2006,Nalunaq
-44.84512,60.354024,2006,Nalunaq
-51.33266,66.523696,2010,Sarfartoq - ST1
-45.84101,60.864844,2010,"Ilimausaq, Kringlerne"
-24.26789,71.959248,2007,Malmbjerg
-51.485171,65.436359,2013,Target P-054 Imiak Hill
-46.000128,60.971178,2008,"Ilimausaq, Kvanefjeld"
-47.44076,60.962254,2012,Isortoq South
-44.849968,60.357945,2007,Nalunaq
-51.67182,65.37784,2011,Qeqertaasaq
-51.553541,64.987878,2003,Seqi
-51.758869,65.626325,2018,Pingo C
-50.320367,63.01077,2007,Aappaluttoq
-45.844848,60.867271,2010,"Ilimausaq, Kringlerne"
-45.871179,60.86642,2007,"Ilimausaq, Kringlerne"
-51.33177,66.522073,2011,Sarfartoq - ST-1
-51.462054,65.436218,2017,South of Structure IP
-50.976474,71.111853,2007,Black Angel - Glacier Zone
-28.328763,83.094763,2010,Citronen Fjord - Beach Zone
-51.475006,65.444047,2014,Mikissoq
-45.05104,60.22113,2009,Lake 210 Delta
-51.331781,66.524549,2011,Sarfartoq - ST-1
-45.871441,60.866733,2007,"Ilimausaq, Kringlerne"
-51.07994,64.414511,2015,Storø - Qingaaq
-51.27022,66.529543,2011,Sarfartoq - ST-40
-51.329161,66.524765,2011,Sarfartoq - ST-1
-50.968143,71.11196,2006,Black Angel - Glacier Zone
-45.840309,60.864794,2010,"Ilimausaq, Kringlerne"
-51.518618,65.357209,2018,Fossilik Lake Target P-246
-45.829349,60.867448,2010,"Ilimausaq, Kringlerne"
-51.316741,66.525909,2011,Sarfartoq - ST-1 east
-51.084095,64.411218,2005,Storø - Qingaaq
-24.270716,71.956836,2005,Malmbjerg Arcturus Adit
-31.64404,68.17232,2004,Skaergaard
-52.017903,66.826239,2013,Ikertoq
-44.832393,60.356351,2019,Nalunaq
-51.453045,65.437392,2013,Target P-055 Spotty Hill
-51.484842,65.436055,2013,Target P-054 Imiak Hill
-51.170987,66.497545,2012,Sarfartoq - ST-24
-51.501386,66.350764,2008,Sarfartoq
-51.335484,66.521733,2011,Sarfartoq - ST-1
-50.979186,71.112078,2006,Black Angel - Glacier Zone
-45.998009,60.971073,2008,"Ilimausaq, Kvanefjeld"
-44.848231,60.357382,2007,Nalunaq
-51.227405,66.484445,2002,Sarfartoq
-44.837128,60.356506,2006,Nalunaq
-50.98201,71.11146,2007,Black Angel - Glacier Zone
-45.16544,60.57965,2009,Qoorormiut Delta
-51.335372,66.522779,2011,Sarfartoq - ST-1
-52.231491,66.55648,2012,White Mountain (Qaqortorssuaq)
-22.696,71.591,2012,"Jameson Land, Wegener Halvø"
-51.083746,64.412389,2005,Storø - Qingaaq
-51.510592,65.437594,2018,Imiak Hill G-017
-45.872111,60.867204,2007,"Ilimausaq, Kringlerne"
-45.996165,60.97779,2008,"Ilimausaq, Kvanefjeld"
-45.867978,60.867743,2007,"Ilimausaq, Kringlerne"
-51.533794,65.282028,2016,P-013
-50.968143,71.11196,2006,Black Angel - Glacier Zone
-67.224004,76.276423,2012,De Dødes West
-52.217542,66.562924,2012,White Mountain (Qaqortorssuaq)
-28.308535,83.091029,2009,Citronen Fjord - Beach Zone
-45.992912,60.973959,2009,"Ilimausaq, Kvanefjeld"
-45.841837,60.864802,2010,"Ilimausaq, Kringlerne"
-44.837697,60.355671,2004,Nalunaq
-52.033168,65.100454,2015,P-053
-51.528317,65.278429,2017,P-013SE
-51.55492,64.985708,2003,Seqi
-44.837128,60.35616,2007,Nalunaq
-44.8448,60.359557,2007,Nalunaq
-46.003164,60.973308,2007,"Ilimausaq, Kvanefjeld"
-28.317805,83.085717,2010,Citronen Fjord - Beach Zone South
-51.558343,65.357439,2017,Fossilik II P-058
-31.6397,68.18135,2011,Skaergaard
-45.869171,60.867161,2007,"Ilimausaq, Kringlerne"
-51.48476,66.354019,2008,Sarfartoq
-28.162871,83.076441,2010,Citronen Fjord - Discovery Zone
-28.176133,83.072681,2008,Citronen Fjord - Discovery Zone
-45.997411,60.973037,2007,"Ilimausaq, Kvanefjeld"
-44.844813,60.359528,2007,Nalunaq
-51.093098,64.408751,2007,Storø - Qingaaq
-51.081456,64.412967,2005,Storø - Qingaaq
-45.871689,60.866579,2007,"Ilimausaq, Kringlerne"
-67.715641,76.22885,2012,Haematite Nunatak
-45.850618,60.865439,2010,"Ilimausaq, Kringlerne"
-44.846833,60.359145,2008,Nalunaq
-24.093553,72.033795,2005,Malmbjerg
-50.969555,71.11196,2006,Black Angel - Glacier Zone
-45.838292,60.86513,2010,"Ilimausaq, Kringlerne"
-44.842821,60.357839,2004,Nalunaq
-44.834186,60.354668,2005,Nalunaq
-49.757208,65.200564,2010,Isua (Isukasia)
-52.81152,69.95812,2013,Disko
-51.461146,65.461575,2018,P-293b
-51.269827,66.529594,2009,Sarfartoq - ST40
-45.860039,60.956242,2011,"Ilimausaq, Port area"
-24.267929,71.959248,2007,Malmbjerg
-51.333716,66.523613,2009,Sarfartoq - ST1
-45.845013,60.865824,2010,"Ilimausaq, Kringlerne"
-51.581404,65.079747,2018,Nunangut
-45.866512,60.9691,2008,"Ilimausaq, Zone 3"
-28.305924,83.097738,2010,Citronen Fjord - Beach Zone
-46.013002,60.970119,2010,"Ilimausaq, Kvanefjeld"
-51.331839,66.524567,2011,Sarfartoq - ST-1
-51.580942,65.080009,2015,P-032
-44.84362,60.356422,2004,Nalunaq
-50.97509,71.112086,2006,Black Angel - Glacier Zone
-45.872336,60.866871,2007,"Ilimausaq, Kringlerne"
-28.320268,83.096328,2010,Citronen Fjord - Beach Zone
-45.845418,60.86654,2010,"Ilimausaq, Kringlerne"
-52.87389,70.0,2013,Disko
-51.083625,64.411583,2007,Storø - Qingaaq
-44.836898,60.357755,2008,Nalunaq
-44.840709,60.356657,2005,Nalunaq
-45.866854,60.86793,2007,"Ilimausaq, Kringlerne"
-45.836731,60.866657,2010,"Ilimausaq, Kringlerne"
-52.111221,66.572777,2012,White Mountain (Qaqortorssuaq)
-45.991957,60.976516,2011,"Ilimausaq, Kvanefjeld"
-51.653453,66.343579,2008,Sarfartoq
-50.320244,63.010966,2007,Aappaluttoq
-44.842935,60.355762,2001,Nalunaq
-45.865989,60.969294,2011,"Ilimausaq, Zone 3"
-51.11753,64.67415,2008,Qussuk - Plateau
-45.039011,60.227074,2005,Lake 410
-47.345382,60.988761,2005,Isortoq North (Discovery Dike)
-52.212757,66.551593,2012,White Mountain (Qaqortorssuaq)
-45.992912,60.97395,2011,"Ilimausaq, Kvanefjeld"
-28.30573,83.086807,2010,Citronen Fjord - Beach Zone South
-28.309518,83.097029,2010,Citronen Fjord - Beach Zone
-44.84344,60.357523,2004,Nalunaq
-45.23527,60.52987,2009,Niaqornaarsuk Delta
-51.12273,64.66623,2008,Qussuk - Plateau
-45.996365,60.978638,2007,"Ilimausaq, Kvanefjeld"
-28.187811,83.074516,2010,Citronen Fjord - Discovery Zone
-28.289662,83.087263,2010,Citronen Fjord - Beach Zone South
-45.99489,60.973819,2007,"Ilimausaq, Kvanefjeld"
-44.835601,60.355984,2005,Nalunaq
-24.03952,72.22876,2005,Malmbjerg
-44.834577,60.354567,2018,Nalunaq
-28.304755,83.101433,2010,Citronen Fjord - Beach Zone
-28.309328,83.092469,2009,Citronen Fjord - Beach Zone
-51.12211,64.66908,2008,Qussuk - Plateau
-51.324667,66.524364,2011,Sarfartoq - ST-1
-44.849169,60.357569,2007,Nalunaq
-51.3368,65.407404,2015,Pika P-057
-44.850134,60.356977,2007,Nalunaq
-50.316306,63.012949,2007,Aappaluttoq - Ridgetop
-28.171808,83.075228,2010,Citronen Fjord - Discovery Zone
-51.550987,65.088969,2018,Nunangut P-031
-24.0414,72.10081,2011,Sortebjerg
-28.15983,83.073805,2008,Citronen Fjord - Discovery Zone
-44.827415,60.358607,2019,Nalunaq
-24.269082,71.960763,2007,Malmbjerg
-51.671574,65.378437,2014,Qeqertaasaq
-49.75319,65.210153,2008,Isua (Isukasia)
-52.206088,66.553232,2012,White Mountain (Qaqortorssuaq)
-51.306503,66.53141,2012,Sarfartoq - ST-1 north extension
-44.850182,60.356954,2007,Nalunaq
-45.23367,60.52797,2009,Niaqornaarsuk Delta
-52.203987,66.553239,2012,White Mountain (Qaqortorssuaq)
-51.178389,66.498864,2012,Sarfartoq - ST-24
-44.846876,60.359166,2008,Nalunaq
-46.010076,60.971066,2008,"Ilimausaq, Kvanefjeld"
-51.452605,65.430637,2018,Imiak Hill G-004
-47.319488,60.998811,2005,Isortoq North (Discovery Dike)
-44.848384,60.357501,2007,Nalunaq
-50.979186,71.112078,2007,Black Angel - Glacier Zone
-51.2945,71.103365,2016,Nunngarut Prospect
-51.68815,65.37812,2011,Qeqertaasaq
-45.842546,60.867231,2010,"Ilimausaq, Kringlerne"
-51.264374,66.535237,2010,Sarfartoq - ST40
-45.92302,60.942106,2011,"Ilimausaq, Sørensen"
-50.320591,63.010465,2007,Aappaluttoq
-51.66128,66.350741,2008,Sarfartoq
-45.841867,60.867343,2010,"Ilimausaq, Kringlerne"
-51.276486,66.703646,2001,Umiiviit
-31.6397,68.18134,2011,Skaergaard
-24.102265,72.014665,2005,Malmbjerg
-44.836939,60.357784,2008,Nalunaq
-51.12211,64.66908,2008,Qussuk - Plateau
-51.244607,71.09136,2016,Nunngarut Prospect
-28.46422,83.097469,2008,Citronen Fjord - Esrum Zone
-44.844154,60.354982,2001,Nalunaq
-51.12005,64.66969,2008,Qussuk - Plateau
-51.665326,66.355891,2008,Sarfartoq
-51.236477,66.654676,2005,Uniiviit - Smile Lake
-44.856611,60.355239,2017,Nalunaq
-24.269719,71.9586,2005,Malmbjerg Schuchert Adit
-44.835088,60.353903,2018,Nalunaq
-50.984888,71.112482,2007,Black Angel - Glacier Zone
-24.134327,72.189339,2011,Blyklippen
-44.845112,60.354021,2006,Nalunaq
-51.333602,66.52512,2010,Sarfartoq - ST1
-45.963907,60.985672,2008,"Ilimausaq, Steenstrupsfjeld"
-28.313974,83.089858,2008,Citronen Fjord - Beach Zone
-68.810417,76.289239,2012,Havik East
-51.897782,64.947219,2006,Fiskevandet
-51.611337,65.076289,2018,Nunangut P-030
-51.077905,64.414234,2010,Storø - Qingaaq
-45.05105,60.21973,2009,Lake 210 Delta
-28.311186,83.084167,2010,Citronen Fjord - Beach Zone South
-52.29556,69.81417,2013,Disko
-50.960298,71.090807,2006,Black Angel - ARK Prospect
-50.986023,71.111819,2007,Black Angel - Glacier Zone
-51.566237,65.360095,2017,Fossilik II P-058
-44.842093,60.354071,2004,Nalunaq
-28.181095,83.077848,2010,Citronen Fjord - Discovery Zone
-31.68717,68.16546,2010,Skaergaard
-46.002166,60.973765,2008,"Ilimausaq, Kvanefjeld"
-51.533794,65.282028,2014,Target P-013
-45.991671,60.978017,2009,"Ilimausaq, Kvanefjeld"
-44.835634,60.353311,2018,Nalunaq
-45.907942,60.9065,2013,"Ilimausaq, Kringlerne"
-45.872409,60.970321,2011,"Ilimausaq, Zone 3"
-44.834194,60.353107,2005,Nalunaq
-44.9061,60.32355,2009,Kirkespirdalen Delta
-45.918196,60.940594,2010,"Ilimausaq, Sørensen"
-50.979186,71.112078,2007,Black Angel - Glacier Zone
-49.773417,64.001072,2011,Tikiusaaq
-51.332224,66.521693,2011,Sarfartoq - ST-1
-44.841341,60.354502,2004,Nalunaq
-44.840914,60.356005,2006,Nalunaq
-51.09412,64.4082,2003,Storø - Qingaaq
-44.834213,60.35489,2017,Nalunaq
-52.075667,66.581509,2013,White Mountain (Qaqortorssuaq)
-51.293987,66.450918,2010,Sarfartoq - ST19
-51.492271,65.432128,2018,Imiak Hill G-026
-45.968548,60.984821,2008,"Ilimausaq, Steenstrupsfjeld"
-51.607186,65.075194,2015,Nunanguit P-030
-51.680551,66.35369,2008,Sarfartoq
-50.320244,63.010966,2007,Aappaluttoq
-44.844853,60.35952,2007,Nalunaq
-44.830978,60.355541,2005,Nalunaq
-49.757481,65.205304,2011,Isua (Isukasia)
-24.266188,71.956891,2005,Malmbjerg Arcturus Adit
-50.635551,69.641615,2010,Qeqertaa
-51.266173,66.529359,2011,Sarfartoq - ST-40
-51.49796,65.3253,2018,P-008
-51.09849,64.78603,2009,Qussuk - Swan Zone
-50.982009,71.112123,2006,Black Angel - Glacier Zone
-50.979407,71.112535,2006,Black Angel - Glacier Zone
-45.843117,60.865836,2010,"Ilimausaq, Kringlerne"
-46.009857,60.967063,2010,"Ilimausaq, Kvanefjeld"
-52.115793,66.571888,2012,White Mountain (Qaqortorssuaq)
-50.961847,71.090521,2006,Black Angel - ARK Prospect
-51.12238,64.66866,2008,Qussuk - Plateau
-49.752425,65.21106,2009,Isua (Isukasia)
-45.872424,60.867068,2007,"Ilimausaq, Kringlerne"
-52.206042,66.551576,2012,White Mountain (Qaqortorssuaq)
-49.751903,65.205752,2011,Isua (Isukasia)
-44.849068,60.357188,2007,Nalunaq
-28.115987,83.070953,2010,Citronen Fjord - Southeast Zone
-46.003503,60.974689,2009,"Ilimausaq, Kvanefjeld"
-44.847628,60.357288,2006,Nalunaq
-31.69854,68.16973,2010,Skaergaard
-51.54774,64.989382,2003,Seqi
-44.848569,60.357337,2007,Nalunaq
-49.755241,65.210688,2011,Isua (Isukasia)
-44.845672,60.356606,2004,Nalunaq
-51.45542,65.434362,2016,Spotty Hill
-44.831965,60.352964,2005,Nalunaq
-49.760156,65.206791,2008,Isua (Isukasia)
-45.871689,60.866579,2007,"Ilimausaq, Kringlerne"
-44.948955,61.193584,2011,"Motzfeldt, Aries Prospect"
-52.161836,66.560192,2012,White Mountain (Qaqortorssuaq)
-46.003857,60.969505,2010,"Ilimausaq, Kvanefjeld"
-51.549451,64.987223,2003,Seqi
-44.834186,60.354668,2005,Nalunaq
-28.311058,83.101236,2010,Citronen Fjord - Beach Zone
-45.838863,60.867245,2010,"Ilimausaq, Kringlerne"
-51.09252,64.81082,2009,Qussuk - Swan North Zone
-49.751616,65.209115,2011,Isua (Isukasia)
-24.26781,71.957094,2005,Malmbjerg Arcturus Adit
-46.008687,60.969775,2009,"Ilimausaq, Kvanefjeld"
-44.950871,61.193576,2010,"Motzfeldt, Aries Prospect"
-24.267432,71.957682,2007,Malmbjerg
-44.85121,60.355359,2017,Nalunaq
-44.844992,60.359577,2007,Nalunaq
-52.120067,66.569089,2012,White Mountain (Qaqortorssuaq)
-52.17016,66.558525,2012,White Mountain (Qaqortorssuaq)
-51.083752,64.412391,2015,Storø - Qingaaq
-44.845114,60.354023,2006,Nalunaq
-51.561007,65.358364,2014,Fossilik II P-058
-44.848528,60.35953,2005,Nalunaq
-51.546542,65.423597,2014,Camp P-136
-50.311094,63.021244,2007,Aappaluttoq - Sarfaq
-44.844795,60.359558,2007,Nalunaq
-51.335141,66.522515,2009,Sarfartoq - ST1
-44.844684,60.360001,2007,Nalunaq
-44.842754,60.353651,2004,Nalunaq
-28.445805,83.096038,2008,Citronen Fjord - Esrum Zone
-49.756445,65.204623,2011,Isua (Isukasia)
-50.972322,71.112068,2006,Black Angel - Glacier Zone
-28.3211,83.096003,2010,Citronen Fjord - Beach Zone
-51.292728,66.462216,2010,Sarfartoq - ST19
-45.841033,60.867833,2010,"Ilimausaq, Kringlerne"
-51.750268,65.535618,2016,P-141
-51.675382,65.376751,2014,Qeqertaasaq
-44.840481,60.355283,2006,Nalunaq
-44.837354,60.35782,2004,Nalunaq
-44.84395,60.35616,2004,Nalunaq
-51.231767,66.484071,2002,Sarfartoq
-45.842491,60.865158,2010,"Ilimausaq, Kringlerne"
-44.8992,60.3238,2009,Kirkespirdalen Delta
-44.842419,60.357969,2004,Nalunaq
-49.754302,65.210876,2009,Isua (Isukasia)
-22.39865,71.01674,2014,Copper Creek
-51.081448,64.412965,2005,Storø - Qingaaq
-52.203958,66.554173,2012,White Mountain (Qaqortorssuaq)
-22.7645,71.609,2012,"Jameson Land, Wegener Halvø"
-45.871376,60.866572,2007,"Ilimausaq, Kringlerne"
-45.838009,60.864835,2010,"Ilimausaq, Kringlerne"
-46.00876,60.969765,2011,"Ilimausaq, Kvanefjeld"
-45.841404,60.865137,2010,"Ilimausaq, Kringlerne"
-51.07994,64.414511,2015,Storø - Qingaaq
-44.844326,60.359997,2007,Nalunaq
-22.6872,71.593,2012,"Jameson Land, Wegener Halvø"
-51.528288,65.278415,2017,P-013SE
-45.872905,60.971575,2011,"Ilimausaq, Zone 3"
-51.68748,65.37799,2011,Qeqertaasaq
-50.980681,71.112141,2006,Black Angel - Glacier Zone
-51.093098,64.408751,2007,Storø - Qingaaq
-51.475182,65.44425,2013,Target P-001 Imiak North
-67.224004,76.276423,2012,De Dødes West
-45.22937,60.52869,2009,Niaqornaarsuk Delta
-24.26799,71.954892,2005,Malmbjerg South Adit
-50.320251,63.010643,2007,Aappaluttoq
-50.984785,71.101776,2007,Black Angel - Beach
-51.238383,66.655418,2005,Uniiviit - Smile Lake
-51.176003,66.498302,2010,Sarfartoq - ST24
-51.67314,65.3776,2011,Qeqertaasaq
-49.756044,65.205867,2011,Isua (Isukasia)
-44.836147,60.355743,2004,Nalunaq
-45.036324,60.230065,2005,Lake 410
-49.749747,65.211362,2009,Isua (Isukasia)
-28.127624,83.068524,2010,Citronen Fjord - Southeast Zone
-44.834119,60.355246,2005,Nalunaq
-50.979186,71.112078,2006,Black Angel - Glacier Zone
-51.552237,64.988303,2003,Seqi
-51.501301,65.441071,2018,Imiak Hill G-017
-49.77809,64.004691,2011,Tikiusaaq
-45.04946,60.21898,2009,Lake 210 Delta
-28.314483,83.094122,2009,Citronen Fjord - Beach Zone
-51.551949,65.361039,2013,Target P-004 Fossilik 1
-28.227641,83.105292,2008,Citronen Fjord - Northeast Zone
-45.839583,60.865194,2010,"Ilimausaq, Kringlerne"
-51.527512,65.279789,2013,Target P-013
-51.67842,65.374467,2014,Qeqertaasaq
-45.838129,60.866603,2010,"Ilimausaq, Kringlerne"
-28.295658,83.100651,2010,Citronen Fjord - Beach Zone
-44.836505,60.352081,2005,Nalunaq
-50.970717,71.112175,2006,Black Angel - Glacier Zone
-22.6894,71.5927,2012,"Jameson Land, Wegener Halvø"
-44.83275,60.357301,2005,Nalunaq
-51.235984,66.655224,2005,Uniiviit - Smile Lake
-44.834189,60.354021,2005,Nalunaq
-51.660736,65.380497,2018,Qeqertaasaq Carbonatite Complex
-28.312734,83.093544,2009,Citronen Fjord - Beach Zone
-50.977858,71.112248,2006,Black Angel - Glacier Zone
-51.335147,66.524614,2010,Sarfartoq - ST1
-51.292728,66.462216,2010,Sarfartoq - ST19
-28.234253,83.107219,2008,Citronen Fjord - Northwest Zone
-50.959994,71.090637,2006,Black Angel - ARK Prospect
-45.999532,60.973721,2007,"Ilimausaq, Kvanefjeld"
-45.846229,60.866544,2010,"Ilimausaq, Kringlerne"
-49.754761,65.205892,2011,Isua (Isukasia)
-44.836131,60.355751,2004,Nalunaq
-52.014875,66.827353,2013,Ikertoq
-52.015998,66.819281,2013,Ikertoq
-51.302017,66.528898,2012,Sarfartoq - ST-1 north extension
-44.849023,60.357202,2007,Nalunaq
-49.74852,65.212396,2009,Isua (Isukasia)
-28.412285,83.133118,2008,Citronen Fjord - Northwest Zone
-68.754131,76.294029,2012,Havik North East
-45.849845,60.865443,2010,"Ilimausaq, Kringlerne"
-44.849938,60.35682,2007,Nalunaq
-44.84337,60.356536,2004,Nalunaq
-44.837473,60.353913,2001,Nalunaq
-45.87416,60.972195,2011,"Ilimausaq, Zone 3"
-45.14284,60.58028,2009,Qoorormiut Delta
-28.304262,83.084141,2010,Citronen Fjord - Beach Zone South
-51.335134,66.523147,2011,Sarfartoq - ST-1
-67.715641,76.22885,2012,Haematite Nunatak
-44.850443,60.356721,2008,Nalunaq
-45.843983,60.866567,2010,"Ilimausaq, Kringlerne"
-46.002517,60.972441,2008,"Ilimausaq, Kvanefjeld"
-28.29771,83.09966,2010,Citronen Fjord - Beach Zone
-51.533794,65.282028,2014,Target P-013
-49.752431,65.210396,2010,Isua (Isukasia)
-46.006289,60.967566,2010,"Ilimausaq, Kvanefjeld"
-44.847058,60.357108,2006,Nalunaq
-44.834577,60.354567,2018,Nalunaq
-51.473474,65.440795,2016,Imiak Hill
-44.836832,60.356615,2006,Nalunaq
-45.992672,60.974553,2009,"Ilimausaq, Kvanefjeld"
-44.947223,61.194831,2011,"Motzfeldt, Aries Prospect"
-44.846532,60.359313,2008,Nalunaq
-44.849115,60.357093,2007,Nalunaq
-45.841055,60.86514,2010,"Ilimausaq, Kringlerne"
-52.032089,65.101402,2016,
-51.455429,65.434365,2016,P-055
-50.319631,63.010999,2007,Aappaluttoq
-51.674595,65.377104,2014,Qeqertaasaq
-44.835634,60.353311,2018,Nalunaq
-45.99778,60.971642,2007,"Ilimausaq, Kvanefjeld"
-45.914265,60.94125,2010,"Ilimausaq, Sørensen"
-45.918233,60.940594,2010,"Ilimausaq, Sørensen"
-51.284082,66.53162,2011,Sarfartoq - ST 40 west
-44.850202,60.357004,2008,Nalunaq
-51.485389,65.436466,2012,Imiak Hill
-28.30139,83.085493,2010,Citronen Fjord - Beach Zone South
-28.304974,83.084766,2008,Citronen Fjord - Beach Zone
-51.67276,65.37733,2011,Qeqertaasaq
-51.565857,65.359789,2014,Fossilik II P-059
-24.086294,72.035769,2005,Malmbjerg
-44.833121,60.348639,2017,Nalunaq
-51.454768,66.354845,2008,Sarfartoq
-49.75412,65.198609,2011,Isua (Isukasia)
-51.23219,66.484449,2008,Sarfartoq
-45.05062,60.21909,2009,Lake 210 Delta
-44.844559,60.35992,2007,Nalunaq
-46.000035,60.970171,2010,"Ilimausaq, Kvanefjeld"
-50.963422,71.090647,2006,Black Angel - ARK Prospect
-51.081578,64.414178,2015,Storø - Qingaaq
-51.283431,66.45563,2010,Sarfartoq - ST19
-44.842729,60.353638,2004,Nalunaq
-51.485257,66.356601,2008,Sarfartoq
-49.77682,64.003524,2011,Tikiusaaq
-24.109057,72.028147,2005,Malmbjerg
-44.848349,60.35748,2007,Nalunaq
-45.872602,60.972735,2008,"Ilimausaq, Zone 3"
-46.003857,60.969505,2010,"Ilimausaq, Kvanefjeld"
-45.998403,60.974673,2009,"Ilimausaq, Kvanefjeld"
-51.69379,65.394993,2018,Qeqertaasaq Carbonatite Complex
-44.945741,61.19106,2011,"Motzfeldt, Aries Prospect"
-50.977858,71.112248,2006,Black Angel - Glacier Zone
-44.8494,60.356985,2007,Nalunaq
-45.872233,60.867069,2007,"Ilimausaq, Kringlerne"
-28.439748,83.103843,2011,Citronen Fjord - Esrum Zone
-45.870087,60.971225,2011,"Ilimausaq, Zone 3"
-45.84553,60.867284,2010,"Ilimausaq, Kringlerne"
-44.844125,60.356084,2004,Nalunaq
-31.61613,68.18548,2011,Skaergaard
-51.635393,65.207491,2013,Target P-022 Sikolik East
-45.844775,60.866562,2010,"Ilimausaq, Kringlerne"
-45.838147,60.867322,2010,"Ilimausaq, Kringlerne"
-51.331936,66.523356,2011,Sarfartoq - ST-1
-68.811033,76.288477,2012,Havik East
-24.277285,71.957075,2005,Malmbjerg Schuchert Adit
-45.849136,60.86648,2010,"Ilimausaq, Kringlerne"
-51.083625,64.411583,2007,Storø - Qingaaq
-44.843578,60.357453,2004,Nalunaq
-28.203366,83.078106,2010,Citronen Fjord - Discovery Zone
-31.69942,68.16107,2010,Skaergaard
-50.319541,63.011457,2008,Aappaluttoq
-51.452938,65.437941,2014,Spotty Hill
-44.90951,60.32226,2009,Kirkespirdalen Delta
-44.837478,60.355952,2007,Nalunaq
-51.081802,64.412616,2007,Storø - Qingaaq
-51.233509,66.658879,2005,Uniiviit - Smile Lake
-51.555518,65.360554,2016,P-004
-49.757567,65.208625,2009,Isua (Isukasia)
-44.83804,60.357456,2004,Nalunaq
-28.301555,83.082401,2010,Citronen Fjord - Beach Zone South
-44.841618,60.35432,2004,Nalunaq
-51.12238,64.66866,2008,Qussuk - Plateau
-51.528283,65.278442,2017,P-013SE
-45.841811,60.86658,2010,"Ilimausaq, Kringlerne"
-45.920575,60.937956,2010,"Ilimausaq, Sørensen"
-24.267946,71.959232,2007,Malmbjerg
-31.72002,68.16195,2011,Skaergaard
-44.841345,60.353647,2001,Nalunaq
-45.844297,60.865927,2010,"Ilimausaq, Kringlerne"
-45.994724,60.979737,2007,"Ilimausaq, Kvanefjeld"
-51.332447,66.5241,2011,Sarfartoq - ST-1
-28.304379,83.084768,2008,Citronen Fjord - Beach Zone
-50.972322,71.112068,2006,Black Angel - Glacier Zone
-45.908068,60.940735,2010,"Ilimausaq, Sørensen"
-51.299523,71.10619,2016,Nunngarut Prospect
-49.777575,64.005172,2011,Tikiusaaq
-44.831753,60.354221,2005,Nalunaq
-49.759708,65.204561,2010,Isua (Isukasia)
-51.086549,64.411198,2006,Storø - Qingaaq
-51.514932,65.297057,2018,P-012
-31.71078,68.16988,2010,Skaergaard
-51.332544,66.524123,2011,Sarfartoq - ST-1
-45.999279,60.976037,2008,"Ilimausaq, Kvanefjeld"
-28.182658,83.07349,2008,Citronen Fjord - Discovery Zone
-51.67151,65.37694,2011,Qeqertaasaq
-51.547233,64.990264,2003,Seqi
-52.108998,66.573674,2012,White Mountain (Qaqortorssuaq)
-49.754406,65.202515,2010,Isua (Isukasia)
-51.333602,66.52512,2010,Sarfartoq - ST1
-51.570435,65.035327,2015,P-314
-51.452943,65.437942,2014,Spotty Hill
-44.844853,60.35952,2007,Nalunaq
-51.23645,66.654209,2005,Uniiviit - Smile Lake
-52.175276,66.562052,2012,White Mountain (Qaqortorssuaq)
-45.994704,60.975032,2007,"Ilimausaq, Kvanefjeld"
-44.839197,60.351919,2005,Nalunaq
-50.320251,63.010643,2007,Aappaluttoq
-51.081516,64.41356,2006,Storø - Qingaaq
-51.081535,64.413568,2015,Storø - Qingaaq
-51.6757,65.37491,2011,Qeqertaasaq
-44.950391,61.190972,2011,"Motzfeldt, Aries Prospect"
-51.348851,66.529716,2012,Sarfartoq - ST-1 north extension
-46.006073,60.96895,2007,"Ilimausaq, Kvanefjeld"
-51.551394,64.986671,2003,Seqi
-24.268035,71.962101,2007,Malmbjerg
-68.764048,76.288894,2012,Havik East
-46.005576,60.972833,2007,"Ilimausaq, Kvanefjeld"
-45.869905,60.866779,2007,"Ilimausaq, Kringlerne"
-45.997368,60.978209,2010,"Ilimausaq, Kvanefjeld"
-51.333197,66.523837,2011,Sarfartoq - ST-1
-51.262922,66.529902,2010,Sarfartoq - ST40
-44.959075,61.193498,2010,"Motzfeldt, Aries Prospect"
-52.075667,66.581509,2013,White Mountain (Qaqortorssuaq)
-45.837355,60.86589,2010,"Ilimausaq, Kringlerne"
-44.83275,60.357301,2005,Nalunaq
-46.006754,60.972348,2010,"Ilimausaq, Kvanefjeld"
-49.755895,65.204044,2011,Isua (Isukasia)
-28.311939,83.098008,2010,Citronen Fjord - Beach Zone
-44.833278,60.356813,2005,Nalunaq
-44.843545,60.35743,2004,Nalunaq
-45.868267,60.970256,2008,"Ilimausaq, Zone 3"
-46.014975,60.968865,2010,"Ilimausaq, Kvanefjeld"
-45.836614,60.867852,2010,"Ilimausaq, Kringlerne"
-44.843406,60.357501,2004,Nalunaq
-45.99227,60.976478,2009,"Ilimausaq, Kvanefjeld"
-44.84327,60.357572,2004,Nalunaq
-45.872234,60.86724,2007,"Ilimausaq, Kringlerne"
-51.477305,65.445374,2016,Mikissoq P-001
-51.548334,65.363968,2018,Fossilik II P-004
-28.299487,83.092827,2009,Citronen Fjord - Beach Zone
-50.320011,63.010804,2007,Aappaluttoq
-45.994862,60.971933,2009,"Ilimausaq, Kvanefjeld"
-22.39368,71.0244,2014,Copper Creek
-45.996554,60.976976,2009,"Ilimausaq, Kvanefjeld"
-52.074386,66.582936,2013,White Mountain (Qaqortorssuaq)
-51.33266,66.523696,2010,Sarfartoq - ST1
-44.835839,60.355233,2006,Nalunaq
-44.846002,60.3589,2007,Nalunaq
-44.841078,60.354748,2006,Nalunaq
-28.309435,83.094619,2009,Citronen Fjord - Beach Zone
-51.669078,65.384035,2018,Qeqertaasaq Carbonatite Complex
-44.850023,60.356906,2007,Nalunaq
-24.266175,71.956839,2005,Malmbjerg Arcturus Adit
-51.339021,66.523314,2010,Sarfartoq - ST1
-44.848863,60.357011,2007,Nalunaq
-44.91809,60.32281,2009,Kirkespirdalen Delta
-50.976474,71.111853,2007,Black Angel - Glacier Zone
-45.841055,60.865876,2010,"Ilimausaq, Kringlerne"
-51.607376,65.07609,2013,Target P-030 Nunanguit showing
-45.986595,60.975455,2008,"Ilimausaq, Kvanefjeld"
-45.992248,60.972806,2009,"Ilimausaq, Kvanefjeld"
-45.952969,60.983881,2011,"Ilimausaq, Steenstrupsfjeld"
-51.076927,64.413391,2010,Storø - Qingaaq
-44.838183,60.35612,2006,Nalunaq
-28.315626,83.09583,2010,Citronen Fjord - Beach Zone
-51.563988,65.359129,2016,P-059
-51.081535,64.413568,2015,Storø - Qingaaq
-51.243309,66.452288,2010,Sarfartoq - ST19
-51.486042,65.436814,2012,Imiak Hill
-45.84271,60.867868,2010,"Ilimausaq, Kringlerne"
-45.995315,60.974466,2008,"Ilimausaq, Kvanefjeld"
-44.831847,60.353315,2018,Nalunaq
-45.17428,60.57974,2009,Qoorormiut Delta
-51.078237,64.414126,2010,Storø - Qingaaq
-45.871912,60.866766,2007,"Ilimausaq, Kringlerne"
-44.849672,60.356204,2004,Nalunaq
-45.846248,60.867271,2010,"Ilimausaq, Kringlerne"
-51.337877,66.523335,2011,Sarfartoq - ST-1
-51.286057,66.529779,2011,Sarfartoq - ST 40 west
-44.90305,60.32289,2009,Kirkespirdalen Delta
-47.43104,60.964662,2006,Isortoq South (Snoopy Lake)
-51.332828,66.523093,2011,Sarfartoq - ST-1
-24.269655,71.958539,2007,Malmbjerg
-51.668505,65.378701,2014,Qeqertaasaq
-44.840408,60.355568,2006,Nalunaq
-44.851322,60.360364,2006,Nalunaq
-50.319829,63.010946,2007,Aappaluttoq
-45.84168,60.865136,2010,"Ilimausaq, Kringlerne"
-44.831664,60.353647,2018,Nalunaq
-45.989803,60.976182,2010,"Ilimausaq, Kvanefjeld"
-51.557186,65.369668,2017,Fossilik I IP
-28.457431,83.100286,2008,Citronen Fjord - Esrum Zone
-31.70107,68.15111,2004,Skaergaard
-44.85002,60.356907,2008,Nalunaq
-51.276848,66.545221,2011,Sarfartoq - ST-31
-45.86234,60.863478,2007,"Ilimausaq, Kringlerne"
-51.561428,65.358026,2014,Fossilik II P-058
-28.195131,83.081666,2008,Citronen Fjord - Discovery Zone
-50.983255,71.112464,2006,Black Angel - Glacier Zone
-51.076927,64.413391,2010,Storø - Qingaaq
-45.872438,60.866834,2007,"Ilimausaq, Kringlerne"
-51.259434,65.439775,2016,P-049
-49.772321,64.001294,2011,Tikiusaaq
-50.14136,65.09199,2008,Isua (Tangent)
-51.235361,66.656265,2005,Uniiviit - Smile Lake
-52.115869,66.572874,2012,White Mountain (Qaqortorssuaq)
-44.836135,60.355753,2004,Nalunaq
-44.834154,60.355811,2005,Nalunaq
-24.273376,71.957801,2007,Malmbjerg
-51.461845,66.353344,2008,Sarfartoq
-28.192234,83.076046,2010,Citronen Fjord - Discovery Zone
-28.119969,83.065702,2008,Citronen Fjord - Southeast Zone
-31.69013,68.17378,2011,Skaergaard
-45.8696,60.865991,2007,"Ilimausaq, Kringlerne"
-45.997353,60.972992,2009,"Ilimausaq, Kvanefjeld"
-51.635393,65.207491,2013,Target P-022 Sikolik East
-53.536986,70.442885,2007,Nuussuaq Peninsular
-63.467999,80.238716,2011,Cass Fjord - Hilltop
-44.834189,60.354021,2005,Nalunaq
-28.322187,83.094665,2010,Citronen Fjord - Beach Zone
-46.005538,60.965407,2010,"Ilimausaq, Kvanefjeld"
-51.24663,71.093921,2016,Nunngarut Prospect
-28.157983,83.07476,2008,Citronen Fjord - Discovery Zone
-52.206291,66.554068,2012,White Mountain (Qaqortorssuaq)
-50.984832,71.112787,2006,Black Angel - Glacier Zone
-45.8358,60.864858,2010,"Ilimausaq, Kringlerne"
-51.564606,65.363791,2018,Fossilik II P-058
-63.510983,80.240303,2011,Cass Fjord - West Showing
-45.873081,60.948364,2011,"Ilimausaq, Port area"
-45.991436,60.979366,2011,"Ilimausaq, Kvanefjeld"
-50.316306,63.012949,2007,Aappaluttoq - Ridgetop
-50.980681,71.112141,2007,Black Angel - Glacier Zone
-24.088322,72.033591,2005,Malmbjerg
-44.841273,60.356544,2006,Nalunaq
-51.338434,66.523109,2009,Sarfartoq - ST1
-50.98201,71.11146,2007,Black Angel - Glacier Zone
-45.05035,60.22183,2009,Lake 210 Delta
-45.871588,60.866714,2007,"Ilimausaq, Kringlerne"
-31.71481,68.16522,2004,Skaergaard
-51.549999,64.988009,2003,Seqi
-37.702391,65.575907,2005,Ammassalik
-44.834213,60.35489,2017,Nalunaq
-51.339032,66.522453,2012,Sarfartoq - ST-1 south
-45.987943,60.976322,2008,"Ilimausaq, Kvanefjeld"
-49.759217,65.207352,2009,Isua (Isukasia)
-51.330171,66.525651,2011,Sarfartoq - ST-1
-28.176108,83.07605,2010,Citronen Fjord - Discovery Zone
-51.274929,66.679866,2001,Umiiviit
-45.995964,60.971126,2007,"Ilimausaq, Kvanefjeld"
-51.084279,64.412541,2005,Storø - Qingaaq
-51.083012,64.411903,2005,Storø - Qingaaq
-50.318899,63.011032,2008,Aappaluttoq
-51.083172,64.412685,2005,Storø - Qingaaq
-45.16306,60.57904,2009,Qoorormiut Delta
-51.336401,66.520715,2011,Sarfartoq - ST-1
-51.498776,65.327558,2018,P-008
-44.842417,60.357977,2004,Nalunaq
-63.518843,80.239037,2011,Cass Fjord - West Showing
-52.019585,66.827242,2013,Ikertoq
-44.851738,60.357199,2006,Nalunaq
-51.091858,64.410197,2010,Storø - Qingaaq
-51.606811,65.075563,2014,Nunanguit P-030
-51.339032,66.522453,2012,Sarfartoq - ST-1 south
-51.548942,65.360534,2017,Fossilik II P-004
-45.841002,60.866639,2010,"Ilimausaq, Kringlerne"
-45.840223,60.867829,2010,"Ilimausaq, Kringlerne"
-45.846982,60.867868,2010,"Ilimausaq, Kringlerne"
-44.844175,60.354965,2001,Nalunaq
-51.339009,66.522426,2010,Sarfartoq - ST1
-45.839638,60.867294,2010,"Ilimausaq, Kringlerne"
-51.084069,64.41288,2005,Storø - Qingaaq
-45.838105,60.867816,2010,"Ilimausaq, Kringlerne"
-51.545895,64.990785,2003,Seqi
-44.837696,60.35567,2004,Nalunaq
-28.23038,83.079534,2010,Citronen Fjord - XX
-51.527756,65.27892,2017,P-013SE
-44.849874,60.356851,2007,Nalunaq
-45.922702,60.941309,2011,"Ilimausaq, Sørensen"
-63.378526,80.235323,2011,Cass Fjord - Main
-44.833956,60.35559,2019,Nalunaq
-67.230758,76.2738,2012,De Dødes West
-45.871118,60.866493,2007,"Ilimausaq, Kringlerne"
-44.836916,60.35775,2008,Nalunaq
-51.67635,65.37518,2011,Qeqertaasaq
-45.961657,60.975981,2011,"Ilimausaq, Steenstrupsfjeld"
-46.006295,60.971265,2007,"Ilimausaq, Kvanefjeld"
-50.1752,65.09124,2008,Isua (Tangent)
-28.301412,83.08164,2008,Citronen Fjord - Beach Zone
-28.303169,83.08625,2010,Citronen Fjord - Beach Zone South
-44.850135,60.356977,2007,Nalunaq
-28.30261,83.095973,2010,Citronen Fjord - Beach Zone
-45.84486,60.86772,2010,"Ilimausaq, Kringlerne"
-51.485962,65.437128,2012,Imiak Hill
-51.232092,66.484182,2002,Sarfartoq
-44.849632,60.356846,2007,Nalunaq
-47.437147,60.961851,2012,Isortoq South
-28.162871,83.076441,2010,Citronen Fjord - Discovery Zone
-44.949829,61.193459,2010,"Motzfeldt, Aries Prospect"
-49.748505,65.212391,2009,Isua (Isukasia)
-51.222213,71.091486,2006,Black Angel - Nunngarut Prospect
-44.848775,60.357057,2007,Nalunaq
-45.871484,60.866463,2007,"Ilimausaq, Kringlerne"
-28.477587,83.097921,2008,Citronen Fjord - Esrum Zone
-28.302252,83.098035,2010,Citronen Fjord - Beach Zone
-51.12085,64.6691,2008,Qussuk - Plateau
-51.11317,64.78306,2009,Qussuk - Swan Zone
-50.320358,63.011164,2008,Aappaluttoq
-51.584326,65.079528,2016,P-032
-37.747001,65.585416,2005,Ammassalik
-51.059427,71.10383,2006,Black Angel - Myers East
-45.865513,60.968094,2011,"Ilimausaq, Zone 3"
-49.755506,65.202318,2011,Isua (Isukasia)
-52.019363,66.826293,2013,Ikertoq
-45.0502,60.22075,2009,Lake 210 Delta
-44.842952,60.355745,2001,Nalunaq
-24.26965,71.958533,2007,Malmbjerg
-51.581545,65.07919,2016,P-032
-51.320723,66.528307,2011,Sarfartoq - ST-1 east
-50.984694,71.111765,2007,Black Angel - Glacier Zone
-45.871367,60.866383,2007,"Ilimausaq, Kringlerne"
-51.26897,66.452291,2010,Sarfartoq - ST19
-44.837766,60.357571,2004,Nalunaq
-51.528282,65.278415,2017,P-013SE
-44.834577,60.354567,2018,Nalunaq
-46.004258,60.974507,2008,"Ilimausaq, Kvanefjeld"
-45.992814,60.971408,2008,"Ilimausaq, Kvanefjeld"
-51.581691,65.080239,2015,P-032
-50.320685,63.01069,2007,Aappaluttoq
-51.084079,64.412883,2005,Storø - Qingaaq
-51.08301,64.414168,2010,Storø - Qingaaq
-28.132811,83.073942,2010,Citronen Fjord - Discovery Zone
-44.84686,60.35721,2005,Nalunaq
-45.972891,60.978406,2009,"Ilimausaq, Kvanefjeld"
-47.43116,60.96407,2012,Isortoq South
-51.240484,66.655181,2005,Uniiviit - Smile Lake
-51.240173,66.655756,2005,Uniiviit - Smile Lake
-63.467999,80.238716,2011,Cass Fjord - Hilltop
-44.844942,60.359871,2008,Nalunaq
-44.833482,60.356128,2017,Nalunaq
-45.997165,60.974439,2007,"Ilimausaq, Kvanefjeld"
-51.486042,65.436814,2012,Imiak Hill
-24.269662,71.958542,2007,Malmbjerg
-45.994808,60.975986,2008,"Ilimausaq, Kvanefjeld"
-46.003728,60.965941,2008,"Ilimausaq, Kvanefjeld"
-44.84997,60.357941,2007,Nalunaq
-51.287764,71.085488,2014,Black Angel - Nunngarut Prospect
-45.871931,60.866667,2007,"Ilimausaq, Kringlerne"
-51.079279,64.412929,2006,Storø - Qingaaq
-24.271954,71.958109,2007,Malmbjerg
-52.174825,66.560189,2012,White Mountain (Qaqortorssuaq)
-52.027284,66.829453,2013,Ikertoq
-44.853883,60.353431,2017,Nalunaq
-44.837942,60.356237,2006,Nalunaq
-50.320685,63.01069,2007,Aappaluttoq
-52.010368,66.827427,2013,Ikertoq
-45.16485,60.57872,2009,Qoorormiut Delta
-28.236543,83.108333,2010,Citronen Fjord
-50.959053,71.091049,2006,Black Angel - ARK Prospect
-31.73936,68.16466,2011,Skaergaard
-45.2307,60.52748,2009,Niaqornaarsuk Delta
-24.268089,71.95493,2005,Malmbjerg South Adit
-28.307436,83.100225,2010,Citronen Fjord - Beach Zone
-51.09695,64.80846,2009,Qussuk - Swan North Zone
-28.446034,83.096064,2008,Citronen Fjord - Esrum Zone
-51.081535,64.413568,2015,Storø - Qingaaq
-51.080603,64.414062,2015,Storø - Qingaaq
-51.079269,64.412929,2006,Storø - Qingaaq
-50.963393,71.091678,2006,Black Angel - ARK Prospect
-51.087767,64.412921,2005,Storø - Qingaaq
-44.837454,60.356438,2006,Nalunaq
-51.27022,66.529543,2011,Sarfartoq - ST-40
-50.319479,63.010747,2008,Aappaluttoq
-45.997687,60.972624,2008,"Ilimausaq, Kvanefjeld"
-45.836646,60.864826,2010,"Ilimausaq, Kringlerne"
-44.849083,60.357188,2007,Nalunaq
-44.850024,60.356907,2008,Nalunaq
-45.837449,60.86738,2010,"Ilimausaq, Kringlerne"
-50.986105,71.112805,2007,Black Angel - Glacier Zone
-50.973707,71.111172,2006,Black Angel - Glacier Zone
-44.831664,60.353647,2018,Nalunaq
-46.002257,60.970909,2010,"Ilimausaq, Kvanefjeld"
-51.326344,66.525781,2012,Sarfartoq - ST-1 north
-44.840923,60.356,2006,Nalunaq
-28.308952,83.087318,2010,Citronen Fjord - Beach Zone South
-50.319723,63.011278,2007,Aappaluttoq
-51.41945,64.772,2009,Amikoq - South Margin
-51.175682,66.494247,2012,Sarfartoq - ST-24
-44.849473,60.356894,2007,Nalunaq
-45.997532,60.97282,2009,"Ilimausaq, Kvanefjeld"
-44.85044,60.356721,2008,Nalunaq
-51.547941,64.987682,2003,Seqi
-51.329672,66.523996,2011,Sarfartoq - ST-1
-46.009546,60.97766,2009,"Ilimausaq, Kvanefjeld"
-44.84279,60.357823,2004,Nalunaq
-44.833575,60.356401,2005,Nalunaq
-44.84737,60.358965,2008,Nalunaq
-51.339009,66.522426,2010,Sarfartoq - ST1
-44.84648,60.359287,2008,Nalunaq
-31.61032,68.17074,2004,Skaergaard
-45.965741,60.977209,2009,"Ilimausaq, Kvanefjeld"
-51.545857,64.989842,2003,Seqi
-44.844935,60.359472,2007,Nalunaq
-31.64404,68.17239,2004,Skaergaard
-28.306604,83.099367,2010,Citronen Fjord - Beach Zone
-24.266137,71.955052,2005,Malmbjerg South Adit
-45.996673,60.970753,2009,"Ilimausaq, Kvanefjeld"
-68.78867,76.287742,2012,Havik East
-51.765704,65.539499,2016,P-142
-44.837113,60.356169,2007,Nalunaq
-50.319723,63.011278,2007,Aappaluttoq
-44.949676,61.196269,2011,"Motzfeldt, Aries Prospect"
-45.871566,60.866786,2007,"Ilimausaq, Kringlerne"
-44.837941,60.356556,2006,Nalunaq
-46.004317,60.97185,2008,"Ilimausaq, Kvanefjeld"
-51.453621,65.437419,2014,Spotty Hill
-44.847254,60.359036,2008,Nalunaq
-28.315098,83.095795,2010,Citronen Fjord - Beach Zone
-51.455407,65.438039,2012,Spotty Hill
-51.332544,66.524123,2011,Sarfartoq - ST-1
-51.335484,66.521733,2011,Sarfartoq - ST-1
-51.314981,66.708749,2001,Umiiviit
-51.553189,64.987875,2003,Seqi
-44.837139,60.356182,2007,Nalunaq
-50.986023,71.111819,2007,Black Angel - Glacier Zone
-45.841552,60.867938,2010,"Ilimausaq, Kringlerne"
-44.836505,60.352081,2005,Nalunaq
-50.320392,63.010554,2007,Aappaluttoq
-45.871951,60.866918,2007,"Ilimausaq, Kringlerne"
-50.17599,65.09151,2008,Isua (Tangent)
-46.001306,60.976581,2008,"Ilimausaq, Kvanefjeld"
-50.319829,63.010946,2007,Aappaluttoq
-45.871776,60.972166,2011,"Ilimausaq, Zone 3"
-45.839616,60.86786,2010,"Ilimausaq, Kringlerne"
-50.984888,71.112482,2007,Black Angel - Glacier Zone
-51.083135,64.413506,2006,Storø - Qingaaq
-51.244062,66.452232,2011,Sarfartoq - ST-19 east
-44.834194,60.353107,2005,Nalunaq
-44.84428,60.359976,2007,Nalunaq
-46.003671,60.97575,2008,"Ilimausaq, Kvanefjeld"
-28.301478,83.091128,2009,Citronen Fjord - Beach Zone
-45.920538,60.937966,2010,"Ilimausaq, Sørensen"
-51.287764,71.085488,2014,Black Angel - Nunngarut Prospect
-45.871021,60.86643,2007,"Ilimausaq, Kringlerne"
-51.231879,66.484175,2002,Sarfartoq
-28.304586,83.090627,2009,Citronen Fjord - Beach Zone
-50.319999,63.011297,2008,Aappaluttoq
-51.249605,71.093048,2016,Nunngarut Prospect
-50.960465,71.090332,2006,Black Angel - ARK Prospect
-67.23448,76.271235,2012,De Dødes West
-51.339032,66.522453,2012,Sarfartoq - ST-1 south
-51.477232,65.44492,2014,Mikissoq
-49.779132,64.005483,2011,Tikiusaaq
-51.330018,66.526846,2011,Sarfartoq - ST-1 east
-51.677227,65.376581,2014,Qeqertaasaq
-51.455415,65.434328,2017,Spotty Hill P-055
-51.093098,64.408751,2007,Storø - Qingaaq
-45.998998,60.974794,2009,"Ilimausaq, Kvanefjeld"
-22.7569,71.5656,2012,"Jameson Land, Wegener Halvø"
-45.867251,60.867424,2007,"Ilimausaq, Kringlerne"
-51.084101,64.411217,2005,Storø - Qingaaq
-45.992912,60.97395,2011,"Ilimausaq, Kvanefjeld"
-44.849515,60.356914,2007,Nalunaq
-50.990317,71.102647,2007,Black Angel - Beach
-51.233106,66.659364,2005,Uniiviit - Smile Lake
-28.297858,83.101245,2010,Citronen Fjord - Beach Zone
-24.266164,71.956904,2005,Malmbjerg Arcturus Adit
-45.18488,60.52826,2009,Niaqornaarsuk Delta
-49.759016,65.206532,2010,Isua (Isukasia)
-45.84028,60.865082,2010,"Ilimausaq, Kringlerne"
-28.166221,83.077365,2010,Citronen Fjord - Discovery Zone
-49.752282,65.206787,2010,Isua (Isukasia)
-51.081802,64.412616,2007,Storø - Qingaaq
-51.49111,64.82515,2009,Amikoq - Paradise Valley
-49.774433,64.000865,2011,Tikiusaaq
-28.341231,83.095651,2010,Citronen Fjord - Beach Zone
-31.60503,68.17235,2008,Skaergaard
-44.834563,60.353669,2018,Nalunaq
-63.38397,80.235416,2011,Cass Fjord - Main
-45.865989,60.969303,2011,"Ilimausaq, Zone 3"
-52.071865,66.582094,2013,White Mountain (Qaqortorssuaq)
-45.992826,60.976554,2009,"Ilimausaq, Kvanefjeld"
-45.914265,60.94125,2010,"Ilimausaq, Sørensen"
-51.542963,64.990799,2003,Seqi
-45.870058,60.971236,2008,"Ilimausaq, Zone 3"
-51.695013,65.398179,2018,Qeqertaasaq Carbonatite Complex
-45.8696,60.865991,2007,"Ilimausaq, Kringlerne"
-45.868653,60.86746,2007,"Ilimausaq, Kringlerne"
-52.033204,65.100849,2015,P-053
-24.266133,71.956876,2005,Malmbjerg Arcturus Adit
-51.330171,66.525651,2011,Sarfartoq - ST-1
-51.11061,64.69365,2008,Qussuk - Plateau North Zone
-44.834019,60.352091,2006,Nalunaq
-28.236455,83.094042,2008,Citronen Fjord - Northwest Zone
-45.986573,60.977287,2008,"Ilimausaq, Kvanefjeld"
-50.984888,71.112482,2007,Black Angel - Glacier Zone
-51.459264,66.439432,2008,Sarfartoq
-31.60531,68.16821,2008,Skaergaard
-44.849877,60.356851,2007,Nalunaq
-28.126352,83.068465,2010,Citronen Fjord - Southeast Zone
-51.225884,71.090899,2006,Black Angel - Nunngarut Prospect
-45.990552,60.980647,2010,"Ilimausaq, Kvanefjeld"
-44.831858,60.354752,2018,Nalunaq
-22.44811,71.08053,2014,Central Klitdal
-51.561477,65.358249,2012,Fossilik II
-45.843302,60.86728,2010,"Ilimausaq, Kringlerne"
-51.087723,64.412899,2005,Storø - Qingaaq
-50.977858,71.112248,2006,Black Angel - Glacier Zone
-46.004599,60.973179,2008,"Ilimausaq, Kvanefjeld"
-45.872307,60.866602,2007,"Ilimausaq, Kringlerne"
-45.989984,60.975175,2007,"Ilimausaq, Kvanefjeld"
-45.0718,60.20534,2009,BAY Area Delta
-50.977859,71.111343,2007,Black Angel - Glacier Zone
-45.845579,60.867733,2010,"Ilimausaq, Kringlerne"
-44.84686,60.35721,2005,Nalunaq
-51.475012,65.444049,2014,Mikissoq
-44.844509,60.359896,2007,Nalunaq
-24.269666,71.958549,2007,Malmbjerg
-46.001745,60.974298,2007,"Ilimausaq, Kvanefjeld"
-28.307257,83.083058,2008,Citronen Fjord - Beach Zone
-50.31953,63.011098,2007,Aappaluttoq
-51.557359,64.986189,2003,Seqi
-51.446736,65.344186,2018,P-005
-28.4495,83.099808,2011,Citronen Fjord - Esrum Zone
-46.002151,60.97302,2007,"Ilimausaq, Kvanefjeld"
-51.485613,65.436905,2013,Target P-054 Imiak Hill
-45.961163,60.986121,2008,"Ilimausaq, Steenstrupsfjeld"
-44.837435,60.353307,2005,Nalunaq
-49.745769,65.204839,2011,Isua (Isukasia)
-52.179856,66.569429,2012,White Mountain (Qaqortorssuaq)
-51.26897,66.452291,2010,Sarfartoq - ST19
-45.872387,60.867131,2007,"Ilimausaq, Kringlerne"
-44.834154,60.355811,2005,Nalunaq
-51.331913,66.523365,2010,Sarfartoq - ST1
-51.557018,64.987023,2003,Seqi
-49.75412,65.198609,2011,Isua (Isukasia)
-51.26179,66.529825,2011,Sarfartoq - ST 40
-44.91453,60.32335,2009,Kirkespirdalen Delta
-24.155,71.994,2005,Malmbjerg
-46.003897,60.973529,2008,"Ilimausaq, Kvanefjeld"
-47.437198,60.960573,2012,Isortoq South
-45.837425,60.867865,2010,"Ilimausaq, Kringlerne"
-45.870544,60.866631,2007,"Ilimausaq, Kringlerne"
-51.244062,66.452232,2011,Sarfartoq - ST-19 east
-67.720101,76.229886,2012,Haematite Nunatak
-45.872275,60.866988,2007,"Ilimausaq, Kringlerne"
-45.988914,60.979376,2007,"Ilimausaq, Kvanefjeld"
-45.912502,60.942824,2010,"Ilimausaq, Sørensen"
-44.841316,60.353639,2001,Nalunaq
-44.848801,60.356038,2005,Nalunaq
-28.127052,83.073704,2008,Citronen Fjord - Discovery Zone
-51.677227,65.376581,2014,Qeqertaasaq
-24.033711,72.05201,2005,Malmbjerg
-45.036324,60.230065,2005,Lake 410
-46.004395,60.973466,2008,"Ilimausaq, Kvanefjeld"
-45.843337,60.865107,2010,"Ilimausaq, Kringlerne"
-49.75192,65.199039,2011,Isua (Isukasia)
-44.836891,60.357761,2008,Nalunaq
-50.960298,71.090807,2006,Black Angel - ARK Prospect
-51.67367,65.37599,2011,Qeqertaasaq
-31.605,68.17226,2008,Skaergaard
-44.91679,60.32124,2009,Kirkespirdalen Delta
-45.868603,60.970983,2011,"Ilimausaq, Zone 3"
-31.6397,68.18135,2011,Skaergaard
-50.31953,63.011098,2007,Aappaluttoq
-22.6899,71.593,2011,Permdal
-45.871675,60.973226,2011,"Ilimausaq, Zone 3"
-45.993466,60.978037,2008,"Ilimausaq, Kvanefjeld"
-45.843283,60.866562,2010,"Ilimausaq, Kringlerne"
-51.231859,66.654216,2005,Uniiviit - Smile Lake
-51.500607,65.429534,2018,Imiak Hill G-026
-28.297412,83.096076,2010,Citronen Fjord - Beach Zone
-46.001243,60.977792,2008,"Ilimausaq, Kvanefjeld"
-50.319843,63.011207,2007,Aappaluttoq
-52.189783,66.558755,2012,White Mountain (Qaqortorssuaq)
-28.342538,83.102404,2010,Citronen Fjord - Beach Zone
-49.751057,65.212007,2009,Isua (Isukasia)
-44.844384,60.356747,2008,Nalunaq
-51.295309,71.085422,2014,Black Angel - Nunngarut Prospect
-45.871615,60.866409,2007,"Ilimausaq, Kringlerne"
-51.330661,66.525638,2012,Sarfartoq - ST-1 north
-68.751832,76.293623,2012,Havik North East
-31.71084,68.161,2010,Skaergaard
-45.998626,60.978828,2010,"Ilimausaq, Kvanefjeld"
-51.080603,64.414062,2015,Storø - Qingaaq
-28.307584,83.10259,2010,Citronen Fjord - Beach Zone
-22.45192,71.02741,2014,Copper Creek
-51.083752,64.412391,2015,Storø - Qingaaq
-45.992231,60.977609,2009,"Ilimausaq, Kvanefjeld"
-44.848801,60.356038,2004,Nalunaq
-24.269754,71.958599,2005,Malmbjerg Schuchert Adit
-24.266134,71.955039,2005,Malmbjerg South Adit
-45.993957,60.977965,2007,"Ilimausaq, Kvanefjeld"
-45.871678,60.866624,2007,"Ilimausaq, Kringlerne"
-45.8696,60.865991,2007,"Ilimausaq, Kringlerne"
-51.081533,64.413565,2006,Storø - Qingaaq
-50.976418,71.112427,2006,Black Angel - Glacier Zone
-50.970717,71.112175,2006,Black Angel - Glacier Zone
-44.829399,60.357065,2019,Nalunaq
-50.969555,71.11196,2006,Black Angel - Glacier Zone
-45.872032,60.866846,2007,"Ilimausaq, Kringlerne"
-51.546614,64.988728,2003,Seqi
-28.17272,83.073586,2008,Citronen Fjord - Discovery Zone
-44.844734,60.360026,2007,Nalunaq
-45.849893,60.865156,2010,"Ilimausaq, Kringlerne"
-51.533872,65.364325,2018,Fossilik II
-50.955762,71.091479,2007,Black Angel - ARK Prospect
-45.924642,60.938198,2010,"Ilimausaq, Sørensen"
-51.670103,65.378102,2014,Qeqertaasaq
-50.95792,71.090995,2006,Black Angel - ARK Prospect
-45.837373,60.866599,2010,"Ilimausaq, Kringlerne"
-50.973706,71.112355,2006,Black Angel - Glacier Zone
-28.233707,83.079427,2010,Citronen Fjord - XX
-28.30913,83.091815,2009,Citronen Fjord - Beach Zone
-28.309306,83.09591,2010,Citronen Fjord - Beach Zone
-49.757552,65.208619,2009,Isua (Isukasia)
-45.997815,60.976132,2007,"Ilimausaq, Kvanefjeld"
-28.307595,83.091972,2009,Citronen Fjord - Beach Zone
-50.984694,71.111765,2007,Black Angel - Glacier Zone
-51.586475,65.423762,2018,G-025
-50.320866,63.010539,2007,Aappaluttoq
-51.243309,66.452288,2010,Sarfartoq - ST19
-51.266914,66.453612,2011,Sarfartoq - ST-19 Gorge
-46.015965,60.970051,2008,"Ilimausaq, Kvanefjeld"
-51.083815,64.412642,2010,Storø - Qingaaq
-51.324667,66.524364,2011,Sarfartoq - ST-1
-45.042679,60.229551,2005,Lake 410
-45.835829,60.865289,2010,"Ilimausaq, Kringlerne"
-50.977858,71.111809,2006,Black Angel - Glacier Zone
-45.995365,60.976796,2007,"Ilimausaq, Kvanefjeld"
-68.803651,76.289332,2012,Havik East
-51.329161,66.524765,2011,Sarfartoq - ST-1
-51.309189,66.527868,2011,Sarfartoq - ST-1 east
-51.898496,64.947574,2006,Fiskevandet
-24.266104,71.955054,2005,Malmbjerg South Adit
-45.843348,60.86693,2010,"Ilimausaq, Kringlerne"
-45.866183,60.967605,2011,"Ilimausaq, Zone 3"
-51.47461,65.443615,2015,Mikissoq P-001
-51.092669,64.410636,2007,Storø - Qingaaq
-45.836046,60.867927,2010,"Ilimausaq, Kringlerne"
-51.241098,71.091508,2006,Black Angel - Nunngarut Prospect
-45.872288,60.867131,2007,"Ilimausaq, Kringlerne"
-52.113297,66.571962,2012,White Mountain (Qaqortorssuaq)
-24.268124,71.954885,2005,Malmbjerg South Adit
-51.581627,65.080221,2013,Target P-032
-45.841868,60.865961,2010,"Ilimausaq, Kringlerne"
-45.838846,60.86589,2010,"Ilimausaq, Kringlerne"
-51.272069,66.454681,2009,Sarfartoq - ST19
-44.834119,60.355246,2005,Nalunaq
-51.080603,64.414062,2015,Storø - Qingaaq
-49.772212,64.001128,2011,Tikiusaaq
-50.320246,63.010868,2007,Aappaluttoq
-51.51878,65.43736,2012,Spotty Hill
-44.845627,60.356626,2004,Nalunaq
-45.871689,60.866579,2007,"Ilimausaq, Kringlerne"
-44.841417,60.349206,2017,Nalunaq
-28.310707,83.091883,2009,Citronen Fjord - Beach Zone
-52.074755,66.580537,2013,White Mountain (Qaqortorssuaq)
-44.83744,60.356424,2006,Nalunaq
-49.78102,64.003838,2011,Tikiusaaq
-51.564365,65.35937,2016,P-058
-45.872093,60.866729,2007,"Ilimausaq, Kringlerne"
-45.998386,60.973371,2007,"Ilimausaq, Kvanefjeld"
-50.975063,71.111835,2007,Black Angel - Glacier Zone
-50.976474,71.111853,2006,Black Angel - Glacier Zone
-50.320011,63.010804,2007,Aappaluttoq
-44.842626,60.357914,2004,Nalunaq
-51.083748,64.412394,2005,Storø - Qingaaq
-51.273069,71.088191,2014,Black Angel - Nunngarut Prospect
-51.335212,66.522062,2011,Sarfartoq - ST-1
-44.835601,60.355984,2005,Nalunaq
-28.450583,83.107126,2011,Citronen Fjord - Esrum Zone
-24.267503,71.95769,2007,Malmbjerg
-52.165617,66.560283,2012,White Mountain (Qaqortorssuaq)
-51.08533,64.81333,2008,Qussuk - Swan North Zone
-51.67358,65.37978,2011,Qeqertaasaq
-45.871982,60.867133,2007,"Ilimausaq, Kringlerne"
-45.99986,60.972399,2007,"Ilimausaq, Kvanefjeld"
-52.208412,66.553343,2012,White Mountain (Qaqortorssuaq)
-49.75319,65.210153,2008,Isua (Isukasia)
-49.758362,65.201819,2010,Isua (Isukasia)
-51.08317,64.412683,2005,Storø - Qingaaq
-67.230758,76.2738,2012,De Dødes West
-51.330661,66.525638,2012,Sarfartoq - ST-1 north
-51.653647,66.345911,2008,Sarfartoq
-51.455413,65.434328,2017,Spotty Hill P-055
-24.00423,72.135612,2005,Malmbjerg
-51.497881,65.326799,2018,P-008
-51.268288,66.528744,2010,Sarfartoq - ST40
-50.975089,71.11292,2006,Black Angel - Glacier Zone
-45.871803,60.866695,2007,"Ilimausaq, Kringlerne"
-44.83683,60.356616,2006,Nalunaq
-51.67842,65.374467,2014,Qeqertaasaq
-49.749694,65.21135,2009,Isua (Isukasia)
-52.03076,65.100668,2016,
-51.483757,65.43599,2014,Imiak Hill
-51.648089,65.371033,2018,Qeqertaasaq Carbonatite Complex
-28.30574,83.093196,2009,Citronen Fjord - Beach Zone
-51.550829,64.989714,2003,Seqi
-49.751378,65.210884,2010,Isua (Isukasia)
-45.993635,60.977883,2008,"Ilimausaq, Kvanefjeld"
-51.222213,71.091486,2006,Black Angel - Nunngarut Prospect
-49.755906,65.205157,2011,Isua (Isukasia)
-28.305815,83.092407,2008,Citronen Fjord - Beach Zone
-45.988921,60.980069,2008,"Ilimausaq, Kvanefjeld"
-45.867871,60.968537,2011,"Ilimausaq, Zone 3"
-50.983753,71.111863,2006,Black Angel - Glacier Zone
-46.003057,60.976251,2008,"Ilimausaq, Kvanefjeld"
-51.084099,64.411221,2005,Storø - Qingaaq
-51.093098,64.408751,2007,Storø - Qingaaq
-44.846004,60.3589,2007,Nalunaq
-50.319999,63.011297,2008,Aappaluttoq
-51.081578,64.414178,2015,Storø - Qingaaq
-51.07994,64.414511,2015,Storø - Qingaaq
-45.991563,60.977264,2007,"Ilimausaq, Kvanefjeld"
-51.336633,65.404479,2014,Target P-048
-52.033517,65.101771,2014,Target P-053
-51.294472,71.103356,2016,Nunngarut Prospect
-63.471958,80.238639,2011,Cass Fjord - Hilltop
-45.948395,60.982935,2011,"Ilimausaq, Steenstrupsfjeld"
-44.845679,60.356629,2004,Nalunaq
-51.234312,66.657774,2005,Uniiviit - Smile Lake
-31.67417,68.15724,2010,Skaergaard
-51.08491,64.81487,2009,Qussuk - Swan North Zone
-49.757969,65.201737,2010,Isua (Isukasia)
-28.31766,83.084955,2008,Citronen Fjord - Beach Zone
-45.962644,60.981128,2011,"Ilimausaq, Steenstrupsfjeld"
-50.955762,71.091479,2007,Black Angel - ARK Prospect
-50.963393,71.091678,2006,Black Angel - ARK Prospect
-50.98068,71.112688,2007,Black Angel - Glacier Zone
-46.006184,60.97009,2010,"Ilimausaq, Kvanefjeld"
-51.272655,71.100148,2016,Nunngarut Prospect
-45.997454,60.977526,2007,"Ilimausaq, Kvanefjeld"
-51.869249,65.041023,2015,P-038
-44.8426,60.357903,2004,Nalunaq
-44.847422,60.358986,2008,Nalunaq
-51.08491,64.81487,2009,Qussuk - Swan North Zone
-49.757126,65.208455,2009,Isua (Isukasia)
-24.270028,71.954772,2005,Malmbjerg South Adit
-46.006742,60.973869,2008,"Ilimausaq, Kvanefjeld"
-44.834019,60.352091,2005,Nalunaq
-28.168051,83.072325,2008,Citronen Fjord - Discovery Zone
-28.313246,83.09546,2010,Citronen Fjord - Beach Zone
-44.842119,60.354088,2004,Nalunaq
-51.769542,65.624468,2018,Pingo D
-45.916188,60.939432,2010,"Ilimausaq, Sørensen"
-51.573231,65.372839,2014,Fossilik I P-081
-28.166223,83.077374,2010,Citronen Fjord - Discovery Zone
-49.75705,65.207652,2010,Isua (Isukasia)
-51.329161,66.524765,2011,Sarfartoq - ST-1
-44.837165,60.356515,2006,Nalunaq
-45.849931,60.865883,2010,"Ilimausaq, Kringlerne"
-52.07373,66.581113,2013,White Mountain (Qaqortorssuaq)
-50.320003,63.011136,2007,Aappaluttoq
-51.271744,66.534094,2010,Sarfartoq - ST40
-51.485502,65.436726,2013,Target P-054 Imiak Hill
-44.845632,60.356609,2004,Nalunaq
-50.14004,65.09262,2008,Isua (Tangent)
-24.0414,72.10081,2011,Sortebjerg
-45.843632,60.865123,2010,"Ilimausaq, Kringlerne"
-50.319843,63.011207,2007,Aappaluttoq
-31.65949,68.17322,2004,Skaergaard
-28.147423,83.075152,2008,Citronen Fjord - Discovery Zone
-45.840301,60.865881,2010,"Ilimausaq, Kringlerne"
-44.843297,60.35759,2004,Nalunaq
-44.838883,60.350554,2005,Nalunaq
-49.74654,65.211594,2011,Isua (Isukasia)
-47.431957,60.963222,2012,Isortoq South
-28.313388,83.101723,2010,Citronen Fjord - Beach Zone
-50.975063,71.111835,2007,Black Angel - Glacier Zone
-28.315104,83.088358,2011,Citronen Fjord - Beach Zone
-45.869435,60.867033,2007,"Ilimausaq, Kringlerne"
-45.871794,60.972157,2011,"Ilimausaq, Zone 3"
-28.137688,83.074692,2010,Citronen Fjord - Discovery Zone
-24.277284,71.957083,2005,Malmbjerg Schuchert Adit
-50.962675,71.091104,2006,Black Angel - ARK Prospect
-44.846192,60.360302,2004,Nalunaq
-51.897782,64.947219,2006,Fiskevandet
-51.51469,65.358369,2017,Fossilik II P-246
-44.84428,60.359976,2007,Nalunaq
-50.320866,63.010539,2007,Aappaluttoq
-51.399764,66.725396,2001,Umiiviit
-51.256962,65.439493,2013,Target P-049 Quagssuk
-51.09047,64.81177,2009,Qussuk - Swan North Zone
-44.848801,60.356038,2004,Nalunaq
-44.844921,60.359547,2007,Nalunaq
-45.05151,60.21916,2009,Lake 210 Delta
-49.760904,65.205563,2009,Isua (Isukasia)
-31.6736,68.17017,2010,Skaergaard
-45.04984,60.21959,2009,Lake 210 Delta
-31.62203,68.16423,2008,Skaergaard
-50.319059,63.010961,2008,Aappaluttoq
-44.84289,60.357764,2008,Nalunaq
-28.095238,83.068869,2010,Citronen Fjord - Southeast Zone
-22.36298,71.14435,2014,Inderfjord
-44.846348,60.359756,2004,Nalunaq
-44.84451,60.359896,2007,Nalunaq
-49.752289,65.206786,2010,Isua (Isukasia)
-50.320358,63.011164,2008,Aappaluttoq
-68.810637,76.289741,2012,Havik East
-51.231856,66.484171,2002,Sarfartoq
-51.283431,66.45563,2010,Sarfartoq - ST19
-46.01091,60.969399,2010,"Ilimausaq, Kvanefjeld"
-51.477394,65.445308,2017,Mikissoq P-001
-44.838883,60.350554,2005,Nalunaq
-24.134327,72.189339,2011,Blyklippen
-28.297125,83.096131,2010,Citronen Fjord - Beach Zone
-51.12211,64.66908,2008,Qussuk - Plateau
-51.09047,64.81177,2009,Qussuk - Swan North Zone
-46.007913,60.966332,2010,"Ilimausaq, Kvanefjeld"
-22.7619,71.5625,2012,"Jameson Land, Wegener Halvø"
-44.8335,60.356101,2019,Nalunaq
-44.851741,60.357195,2006,Nalunaq
-44.848801,60.356038,2004,Nalunaq
-28.141632,83.074279,2010,Citronen Fjord - Discovery Zone
-50.320246,63.010868,2007,Aappaluttoq
-49.759255,65.207357,2009,Isua (Isukasia)
-51.935403,65.085617,2013,Target P-063
-51.475434,65.443891,2013,Target P-001 Imiak North
-51.553161,64.986217,2003,Seqi
-49.75926,65.197889,2011,Isua (Isukasia)
-46.00876,60.969756,2011,"Ilimausaq, Kvanefjeld"
-51.52848,65.279212,2016,P-013SE
-50.320058,63.010472,2008,Aappaluttoq
-45.99258,60.978483,2008,"Ilimausaq, Kvanefjeld"
-49.755593,65.208702,2010,Isua (Isukasia)
-51.333602,66.52512,2010,Sarfartoq - ST1
-44.849652,60.357741,2007,Nalunaq
-24.266182,71.956834,2005,Malmbjerg Arcturus Adit
-45.872073,60.86707,2007,"Ilimausaq, Kringlerne"
-51.083752,64.412391,2015,Storø - Qingaaq
-28.304392,83.081668,2011,Citronen Fjord - Beach Zone South
-51.45423,65.437458,2014,Spotty Hill
-49.756718,65.209904,2009,Isua (Isukasia)
-51.11061,64.69365,2008,Qussuk - Plateau North Zone
-51.667011,66.355391,2008,Sarfartoq
-68.754132,76.293984,2012,Havik North East
-51.450084,66.450062,2008,Sarfartoq
-51.487533,66.344949,2008,Sarfartoq
-45.869751,60.969755,2011,"Ilimausaq, Zone 3"
-50.973707,71.111163,2006,Black Angel - Glacier Zone
-51.10617,64.7813,2009,Qussuk - Swan Zone
-44.844853,60.35952,2007,Nalunaq
-24.093236,71.942895,2005,Malmbjerg
-28.293388,83.09288,2010,Citronen Fjord - Beach Zone
-45.847002,60.866539,2010,"Ilimausaq, Kringlerne"
-51.562478,65.357805,2015,Fossilik II P-058
-47.439062,60.95907,2012,Isortoq South
-51.454615,65.435906,2015,Spotty Hill P-055
-24.272088,71.958155,2005,Malmbjerg Schuchert Adit
-49.778305,64.002282,2011,Tikiusaaq
-68.751823,76.292001,2012,Havik North East
-52.03358,65.101761,2015,P-053
-45.07471,60.20364,2009,BAY Area Delta
-44.848625,60.35736,2007,Nalunaq
-45.036324,60.230065,2005,Lake 410
-51.663726,66.353691,2008,Sarfartoq
-45.839693,60.866585,2010,"Ilimausaq, Kringlerne"
-45.836823,60.865965,2010,"Ilimausaq, Kringlerne"
-51.08866,64.81291,2009,Qussuk - Swan North Zone
-51.333816,66.522179,2011,Sarfartoq - ST-1
-51.081485,64.412969,2005,Storø - Qingaaq
-51.483757,65.43599,2014,Imiak Hill
-49.750908,65.206461,2011,Isua (Isukasia)
-45.868331,60.867678,2007,"Ilimausaq, Kringlerne"
-46.018345,60.970842,2009,"Ilimausaq, Kvanefjeld"
-28.156196,83.074289,2010,Citronen Fjord - Discovery Zone
-44.833575,60.356401,2005,Nalunaq
-28.233579,83.079122,2010,Citronen Fjord - XX
-49.752454,65.211064,2009,Isua (Isukasia)
-51.565746,65.359821,2015,Fossilik II P-059
-51.330018,66.526846,2011,Sarfartoq - ST-1 east
-52.023402,66.827029,2013,Ikertoq
-44.845671,60.356618,2004,Nalunaq
-51.536151,65.033696,2015,P-319
-24.267801,71.957015,2005,Malmbjerg Arcturus Adit
-45.990284,60.978351,2007,"Ilimausaq, Kvanefjeld"
-51.14273,64.82572,2009,Qussuk - Alma Zone
-45.1684,60.57831,2009,Qoorormiut Delta
-45.873001,60.974403,2011,"Ilimausaq, Zone 3"
-44.843424,60.357511,2004,Nalunaq
-49.755394,65.208778,2011,Isua (Isukasia)
-51.565768,65.359848,2012,VTEM P-059
-28.307298,83.100279,2010,Citronen Fjord - Beach Zone
-50.979186,71.112078,2006,Black Angel - Glacier Zone
-51.269005,66.454094,2011,Sarfartoq - ST-19 Gorge
-51.081826,64.413828,2010,Storø - Qingaaq
-44.834194,60.353107,2005,Nalunaq
-45.867562,60.867782,2007,"Ilimausaq, Kringlerne"
-51.234089,66.655657,2005,Uniiviit - Smile Lake
-45.87239,60.8667,2007,"Ilimausaq, Kringlerne"
-28.188139,83.075134,2008,Citronen Fjord - Discovery Zone
-51.093743,64.409137,2010,Storø - Qingaaq
-52.03358,65.101761,2015,P-053
-50.320003,63.011136,2007,Aappaluttoq
-45.916225,60.939432,2008,"Ilimausaq, Sørensen"
-51.334299,66.5236,2011,Sarfartoq - ST-1
-51.083007,64.411901,2005,Storø - Qingaaq
-28.172163,83.076454,2008,Citronen Fjord - Discovery Zone
-45.865971,60.969303,2011,"Ilimausaq, Zone 3"
-44.834186,60.354668,2005,Nalunaq
-51.518359,65.297138,2015,P-012
-45.849541,60.865787,2010,"Ilimausaq, Kringlerne"
-28.262013,83.087085,2008,Citronen Fjord - Beach Zone
-46.003969,60.970501,2007,"Ilimausaq, Kvanefjeld"
-51.12273,64.66623,2008,Qussuk - Plateau
-44.839292,60.355072,2006,Nalunaq
-51.682191,66.373762,2008,Sarfartoq
-44.851314,60.360369,2006,Nalunaq
-45.871803,60.866982,2007,"Ilimausaq, Kringlerne"
-28.194904,83.08164,2008,Citronen Fjord - Discovery Zone
-51.554824,64.987207,2003,Seqi
-50.987517,71.112025,2007,Black Angel - Glacier Zone
-23.915014,72.204049,2005,Malmbjerg
-50.1752,65.09124,2008,Isua (Tangent)
-45.839553,60.864745,2010,"Ilimausaq, Kringlerne"
-51.081826,64.413828,2010,Storø - Qingaaq
-49.75192,65.199039,2011,Isua (Isukasia)
-44.84329,60.357581,2004,Nalunaq
-44.848528,60.35953,2005,Nalunaq
-45.869031,60.867197,2007,"Ilimausaq, Kringlerne"
-51.67112,65.37758,2011,Qeqertaasaq
-44.832617,60.351556,2017,Nalunaq
-51.331839,66.524567,2011,Sarfartoq - ST-1
-28.319461,83.094439,2009,Citronen Fjord - Beach Zone
-51.330171,66.525651,2011,Sarfartoq - ST-1
-50.320367,63.01077,2007,Aappaluttoq
-51.11378,64.68165,2008,Qussuk - Plateau
-51.275749,66.530158,2011,Sarfartoq - ST-40
-45.042679,60.229551,2005,Lake 410
-52.161211,66.562151,2012,White Mountain (Qaqortorssuaq)
-51.091858,64.410197,2010,Storø - Qingaaq
-46.012737,60.969064,2008,"Ilimausaq, Kvanefjeld"
-22.8239,71.5853,2011,Permdal
-51.527771,65.278925,2017,P-013SE
-45.835845,60.8666,2010,"Ilimausaq, Kringlerne"
-24.033714,72.051992,2005,Malmbjerg
-51.728936,65.381436,2018,Qeqertaasaq Carbonatite Complex
-44.850076,60.356879,2007,Nalunaq
-50.320246,63.010868,2007,Aappaluttoq
-45.991978,60.976539,2008,"Ilimausaq, Kvanefjeld"
-44.845666,60.356625,2004,Nalunaq
-28.307668,83.091963,2009,Citronen Fjord - Beach Zone
-51.283821,66.531472,2011,Sarfartoq - ST 40 west
-52.160534,66.567105,2012,White Mountain (Qaqortorssuaq)
-51.093743,64.409137,2010,Storø - Qingaaq
-45.992497,60.978442,2009,"Ilimausaq, Kvanefjeld"
-31.69873,68.16515,2010,Skaergaard
-44.85002,60.356907,2007,Nalunaq
-44.850077,60.356879,2007,Nalunaq
-45.8696,60.865991,2007,"Ilimausaq, Kringlerne"
-51.330199,66.524851,2011,Sarfartoq - ST-1
-49.75319,65.210153,2008,Isua (Isukasia)
-28.313974,83.089858,2008,Citronen Fjord - Beach Zone
-28.304494,83.102025,2010,Citronen Fjord - Beach Zone
-45.993276,60.976273,2007,"Ilimausaq, Kvanefjeld"
-53.4893,63.0063,2004,
-54.355,62.6214,2004,
-51.8195,64.0893,2004,
-19.572116,74.587116,2010,"Wollaston Forland, Brorson Halvø"
-58.016,66.48763,2003,Davis Strait High (W)
-55.4453,63.30065,2003,Canyon Margin A (W)
-57.59483,67.47558,2006,Ikermiut Basin
-23.67383,70.75508,2008,Jameson Land
-57.3946,66.5939,2004,
-54.4992,62.5706,2004,
-18.54575,76.14092,2017,Store Koldewey
-57.394,66.5941,2004,
-55.7318,64.6011,2004,
-55.44138,63.30072,2003,Canyon Margin A (W)
-21.08083,82.67007,2012,Herluf Trolle Land
-20.54553,73.70645,2009,Hold with Hope
-19.84873,74.54268,2009,Wollaston Forland
-55.8564,64.5285,2004,
-58.487303,71.43971,2008,
-21.57292,82.61755,2012,Herluf Trolle Land
-55.8003,64.6345,2004,
-57.5977,67.4708,2006,Ikermiut Basin
-57.59387,67.47083,2006,Ikermiut Basin
-55.7985,64.6168,2004,
-55.43338,63.23517,2003,Canyon Margin A (W)
-57.98017,66.4876,2003,Davis Strait High (W)
-51.7682,64.1087,2004,
-55.42873,63.30118,2003,Canyon Margin A (E)
-51.7985,64.0898,2004,
-55.43223,63.23508,2003,Canyon Margin A (W)
-22.25617,70.12717,2003,Savoia Halvø
-55.44515,63.30077,2003,Canyon Margin A (W)
-55.4453,63.3007,2003,Canyon Margin A (W)
-55.42857,63.30077,2003,Canyon Margin A (E)
-55.4448,63.3012,2004,
-21.08083,82.67007,2012,Herluf Trolle Land
-53.4953,63.0064,2004,
-57.98242,66.48747,2003,Davis Strait High (W)
-58.898653,71.497923,2008,
-20.26678,74.6543,2017,Wollaston Forland
-20.26678,74.6543,2017,Wollaston Forland
-58.030822,71.364976,2008,
-57.3233,66.6484,2004,
-55.5605,63.5068,2004,
-58.056068,71.369437,2008,
-53.6035,62.8856,2004,
-51.2506,64.0898,2004,
-18.7216,76.384666,2010,Store Koldewey
-53.6086,62.8892,2004,
-51.7489,64.1077,2004,
-54.5036,62.5629,2004,
-55.7797,64.6337,2004,
-53.4972,63.008,2004,
