name,licence_id,category,status,ownername,grantdate,expirydate,area_km2,liccode,appliccode,.geo
MIN 2015-39,842,Mining Exploitation Licence (MIN),Active License,Lumina Sustainable Materials A/S,2015-09-22,2045-09-22,95.77,MIN 2015-39,M-65,"{""type"":""MultiPolygon"",""coordinates"":[[[[-52.09998056,66.55],[-52.09998056,66.53333333],[-52.13331389,66.53333333],[-52.13331389,66.51666667],[-52.14998056,66.51666667],[-52.14998056,66.5],[-52.21664722,66.5],[-52.21664722,66.51666667],[-52.24997778,66.51666667],[-52.24997778,66.53333333],[-52.29997778,66.53333333],[-52.29997778,66.55],[-52.31664444,66.55],[-52.31664444,66.6],[-52.04998056,66.6],[-52.04998056,66.55],[-52.09998056,66.55],[-52.09998056,66.55]]]]}"
MIN 2020-54,28165,Mining Exploitation Licence (MIN),Active License,TANBREEZ MINING GREENLAND A/S,2020-09-08,2050-09-07,18,MIN 2020-54,M-MLSA-287,"{""type"":""MultiPolygon"",""coordinates"":[[[[-45.86666667,60.9],[-45.81666667,60.9],[-45.81666667,60.88333333],[-45.8,60.88333333],[-45.8,60.85],[-45.88333333,60.85],[-45.88333333,60.88333333],[-45.86666667,60.88333333],[-45.86666667,60.9],[-45.86666667,60.9]]]]}"
MIN 2014-21,838,Mining Exploitation Licence (MIN),Active License,Greenland Ruby A/S,2014-03-10,2044-03-07,17.39,MIN 2014-21,M-64,"{""type"":""MultiPolygon"",""coordinates"":[[[[-50.35,63.05],[-50.3,63.05],[-50.3,63.03333333],[-50.25,63.03333333],[-50.25,63.01666667],[-50.28333333,63.01666667],[-50.28333333,63],[-50.35,63],[-50.35,63.05],[-50.35,63.05]]]]}"
MEL 2021-56,156156,Mineral Exploration Licence (MEL),Active License,Anortech Inc.,2021-09-09,2026-12-31,10.36,MEL 2021-56,M-MLSA-306,"{""type"":""MultiPolygon"",""coordinates"":[[[[-50.75,64.76666667],[-50.65,64.76666667],[-50.65,64.74166667],[-50.71666667,64.74166667],[-50.71666667,64.71666667],[-50.75,64.71666667],[-50.75,64.76666667]]]]}"
MEL 2025-145,197404,Mineral Exploration Licence (MEL),Active License,Xploration Services Greenland A/S,2025-08-07,2029-12-31,118.37,MEL 2025-145,M-MLSA-469,"{""type"":""MultiPolygon"",""coordinates"":[[[[-28.98333333,71.9],[-28.96666667,71.9],[-28.96666667,71.88333333],[-28.85,71.88333333],[-28.85,71.9],[-28.8,71.9],[-28.8,71.86666667],[-28.81666667,71.86666667],[-28.81666667,71.85],[-28.86666667,71.85],[-28.86666667,71.86666667],[-29.03333333,71.86666667],[-29.03333333,71.88333333],[-28.98333333,71.88333333],[-28.98333333,71.9]]],[[[-28.65,71.83333333],[-28.61666667,71.83333333],[-28.61666667,71.81666667],[-28.58333333,71.81666667],[-28.58333333,71.76666667],[-28.65,71.76666667],[-28.65,71.83333333]]],[[[-28.35,71.75],[-28.31666667,71.75],[-28.31666667,71.73333333],[-28.28333333,71.73333333],[-28.28333333,71.71666667],[-28.26666667,71.71666667],[-28.26666667,71.66666667],[-28.31666667,71.66666667],[-28.31666667,71.76666667],[-28.35,71.76666667],[-28.35,71.75]]],[[[-28.23333333,71.96666667],[-28.08333333,71.96666667],[-28.08333333,71.95],[-28.01666667,71.95],[-28.01666667,71.93333333],[-28.21666667,71.93333333],[-28.21666667,71.88333333],[-28.13333333,71.88333333],[-28.13333333,71.86666667],[-28.06666667,71.86666667],[-28.06666667,71.85],[-28.1,71.85],[-28.1,71.81666667],[-28.03333333,71.81666667],[-28.03333333,71.83333333],[-27.95,71.83333333],[-27.95,71.81666667],[-28.01666667,71.81666667],[-28.01666667,71.8],[-28.05,71.8],[-28.05,71.78333333],[-28.1,71.78333333],[-28.1,71.8],[-28.13333333,71.8],[-28.13333333,71.78333333],[-28.15,71.78333333],[-28.15,71.81666667],[-28.16666667,71.81666667],[-28.16666667,71.85],[-28.18333333,71.85],[-28.18333333,71.86666667],[-28.28333333,71.86666667],[-28.28333333,71.9],[-28.23333333,71.9],[-28.23333333,71.96666667]]],[[[-27.45,71.81666667],[-27.4,71.81666667],[-27.4,71.8],[-27.36666667,71.8],[-27.36666667,71.78333333],[-27.45,71.78333333],[-27.45,71.81666667]]]]}"
MEL 2026-01,196433,Mineral Exploration Licence (MEL),Active License,Wally John Resources Greenland,2026-01-01,2030-12-31,97.99,MEL 2026-01,M-MLSA-460,"{""type"":""MultiPolygon"",""coordinates"":[[[[-53.91666667,69.43333333],[-53.73333333,69.43333333],[-53.73333333,69.35],[-53.78333333,69.35],[-53.78333333,69.33333333],[-53.76666667,69.33333333],[-53.76666667,69.25],[-53.9,69.25],[-53.9,69.41666667],[-53.91666667,69.41666667],[-53.91666667,69.43333333],[-53.91666667,69.43333333]]]]}"
MEL 2022-08,160202,Mineral Exploration Licence (MEL),Active License,Nalunaq A/S,2022-06-03,2026-12-31,8.358,MEL 2022-08,M-MLSA-322,"{""type"":""MultiPolygon"",""coordinates"":[[[[-43.25,61.08333333],[-43.16666667,61.08333333],[-43.16666667,61.06666667],[-43.25,61.06666667],[-43.25,61.08333333]]]]}"
MEL 2006-10,499,Mineral Exploration Licence (MEL),Active License,Nalunaq A/S,2006-01-01,2026-12-31,32.3113,MEL 2006-10,M-2,"{""type"":""MultiPolygon"",""coordinates"":[[[[-44.86666667,60.68333333],[-44.81666667,60.68333333],[-44.81666667,60.66666667],[-44.83333333,60.66666667],[-44.83333333,60.65],[-44.9,60.65],[-44.9,60.66666667],[-44.86666667,60.66666667],[-44.86666667,60.68333333]]],[[[-45.05,60.58333333],[-44.98333333,60.58333333],[-44.98333333,60.55],[-45.05,60.55],[-45.05,60.58333333]]],[[[-44.81666667,60.38333333],[-44.75,60.38333333],[-44.75,60.36666667],[-44.81666667,60.36666667],[-44.81666667,60.38333333]]]]}"
MIN 2021-08,152167,Mining Exploitation Licence (MIN),Active License,Dundas Titanium A/S,2021-01-01,2050-12-31,12.77,MIN 2021-08,M-MLSA-297,"{""type"":""MultiPolygon"",""coordinates"":[[[[-69.95,76.78333333],[-69.8,76.78333333],[-69.8,76.76666667],[-69.7,76.76666667],[-69.7,76.75],[-69.5,76.75],[-69.5,76.73333333],[-69.3,76.73333333],[-69.3,76.71666667],[-69.2,76.71666667],[-69.2,76.7],[-69.08333333,76.7],[-69.08333333,76.67777778],[-69.28333333,76.67777778],[-69.28333333,76.68611111],[-69.4,76.70277778],[-69.86666667,76.75],[-69.95,76.75],[-69.95,76.78333333],[-69.95,76.78333333]]]]}"
MEL 2021-11,17233,Mineral Exploration Licence (MEL),Active License,Gardaq A/S,2021-03-02,2031-04-19,613.014,MEL 2021-11,M-240,"{""type"":""MultiPolygon"",""coordinates"":[[[[-42.85,61.01666667],[-42.66666667,61.01666667],[-42.66666667,60.96666667],[-42.76666667,60.96666667],[-42.76666667,60.91666667],[-42.86666667,60.91666667],[-42.86666667,60.85],[-42.98333333,60.85],[-42.98333333,60.83333333],[-43.06666667,60.83333333],[-43.06666667,60.8],[-43.11666667,60.8],[-43.11666667,60.78333333],[-43.5,60.78333333],[-43.5,60.83333333],[-43.16666667,60.83333333],[-43.16666667,60.86666667],[-43.08333333,60.86666667],[-43.08333333,60.88333333],[-42.95,60.88333333],[-42.95,60.91666667],[-42.91666667,60.91666667],[-42.91666667,60.95],[-42.85,60.95],[-42.85,61.01666667]]],[[[-43.28333333,60.66666667],[-43.23333333,60.66666667],[-43.23333333,60.65],[-43.06666667,60.65],[-43.06666667,60.63333333],[-43.01666667,60.63333333],[-43.01666667,60.58333333],[-43.15,60.58333333],[-43.15,60.53333333],[-43.28333333,60.53333333],[-43.28333333,60.48333333],[-43.65,60.48333333],[-43.65,60.5],[-43.93333333,60.5],[-43.93333333,60.58333333],[-43.78333333,60.58333333],[-43.78333333,60.63333333],[-43.68333333,60.63333333],[-43.68333333,60.61666667],[-43.51666667,60.61666667],[-43.51666667,60.56666667],[-43.33333333,60.56666667],[-43.33333333,60.58333333],[-43.3,60.58333333],[-43.3,60.6],[-43.28333333,60.6],[-43.28333333,60.66666667]]]]}"
MIN 2003-05,830,Mining Exploitation Licence (MIN),Active License,Nalunaq A/S,2003-04-24,2033-04-24,37.822,MIN 2003-05,M-62,"{""type"":""MultiPolygon"",""coordinates"":[[[[-44.88333333,60.38333333],[-44.81666667,60.38333333],[-44.81666667,60.36666667],[-44.8,60.36666667],[-44.8,60.35],[-44.81666667,60.35],[-44.81666667,60.33333333],[-44.88333333,60.33333333],[-44.88333333,60.38333333]]],[[[-44.91666667,60.35],[-44.88333333,60.35],[-44.88333333,60.33333333],[-44.86666667,60.33333333],[-44.86666667,60.31666667],[-44.91666667,60.31666667],[-44.91666667,60.3],[-44.93333333,60.3],[-44.93333333,60.33333333],[-44.91666667,60.33333333],[-44.91666667,60.35]]],[[[-44.95,60.33333333],[-44.93333333,60.33333333],[-44.93333333,60.3],[-44.98333333,60.3],[-44.98333333,60.31666667],[-44.95,60.31666667],[-44.95,60.33333333]]]]}"
MIN 2016-30,846,Mining Exploitation Licence (MIN),Active License,Ironbark A/S,2016-12-16,2046-12-16,123.13,MIN 2016-30,M-66,"{""type"":""MultiPolygon"",""coordinates"":[[[[-29,83.16666667],[-28,83.16666667],[-28,83.05],[-28.8,83.05],[-28.8,83.11666667],[-29,83.11666667],[-29,83.16666667],[-29,83.16666667]]]]}"
MEL 2025-175,197007,Mineral Exploration Licence (MEL),Active License,Zawar Greenland ApS,2025-08-05,2029-12-31,110.482,MEL 2025-175,M-MLSA-463,"{""type"":""MultiPolygon"",""coordinates"":[[[[-52.1,70.26666667],[-51.91666667,70.26666667],[-51.91666667,70.18333333],[-52.1,70.18333333],[-52.1,70.26666667]]],[[[-51.96666667,70.1],[-51.91666667,70.1],[-51.91666667,70.08333333],[-51.88333333,70.08333333],[-51.88333333,70.06666667],[-51.85,70.06666667],[-51.85,70.05],[-51.8,70.05],[-51.8,70.03333333],[-51.76666667,70.03333333],[-51.76666667,70.01666667],[-51.73333333,70.01666667],[-51.73333333,70],[-51.98333333,70],[-51.98333333,70.03333333],[-51.93333333,70.03333333],[-51.93333333,70.06666667],[-51.96666667,70.06666667],[-51.96666667,70.1],[-51.96666667,70.1]]]]}"
MEL 2021-01,27983,Mineral Exploration Licence (MEL),Active License,Copenhagen Minerals Inc.,2021-01-01,2026-12-31,540,MEL 2021-01,M-MLSA-285,"{""type"":""MultiPolygon"",""coordinates"":[[[[-51.5,64.61666667],[-50.78333333,64.53333333],[-51.00972222,64.42916667],[-51.02972222,64.42916667],[-51.02972222,64.41972222],[-51.03333333,64.41666667],[-51.03333333,64.45],[-51.08333333,64.45],[-51.08333333,64.41666667],[-51.1,64.41666667],[-51.1,64.4],[-51.06666667,64.4],[-51.06666667,64.41666667],[-51.03333333,64.41638889],[-51.02944444,64.41972222],[-51.00972222,64.41972222],[-51.00972222,64.42888889],[-50.78333333,64.53305556],[-51.01666667,64.23333333],[-51.6,64.31666667],[-51.5,64.61666667]]]]}"
MEL 2022-07,161338,Mineral Exploration Licence (MEL),Active License,Ox Resources Pty Ltd Greenland,2022-05-20,2026-12-31,17,MEL 2022-07,M-MLSA-325,"{""type"":""MultiPolygon"",""coordinates"":[[[[-48.25,60.83333333],[-48.18333333,60.83333333],[-48.18333333,60.76666667],[-48.25,60.76666667],[-48.25,60.83333333]]]]}"
MEL 2021-02,28074,Mineral Exploration Licence (MEL),Active License,Gardaq A/S,2021-01-01,2026-12-31,384.61,MEL 2021-02,M-MLSA-286,"{""type"":""MultiPolygon"",""coordinates"":[[[[-46.11666667,61.21666667],[-45.9,61.21666667],[-45.9,61.18333333],[-45.83333333,61.18333333],[-45.83333333,61.11666667],[-45.9,61.11666667],[-45.9,61.13333333],[-46,61.13333333],[-46,61.1],[-45.9,61.1],[-45.9,61.03333333],[-46.03333333,61.03333333],[-46.03333333,61],[-46.11666667,61],[-46.11666667,60.96666667],[-46.28333333,60.96666667],[-46.28333333,61.01666667],[-46.33333333,61.01666667],[-46.33333333,61.08333333],[-46.3,61.08333333],[-46.3,61.13333333],[-46.11666667,61.13333333],[-46.11666667,61.21666667]]],[[[-46.15,61.25],[-46.06666667,61.25],[-46.06666667,61.23333333],[-45.98333333,61.23333333],[-45.98333333,61.21666667],[-46.11666667,61.21666667],[-46.11666667,61.13333333],[-46.18333333,61.13333333],[-46.18333333,61.21666667],[-46.15,61.21666667],[-46.15,61.25]]]]}"
MEL 2019-79,9846,Mineral Exploration Licence (MEL),Active License,Anglo American Exploration Overseas Holdings Limited,2019-07-15,2030-12-31,1042.7024,MEL 2019-79,M-96,"{""type"":""MultiPolygon"",""coordinates"":[[[[-52.95,70.71666667],[-53.78333333,70.71666667],[-53.78333333,70.7],[-53.85,70.7],[-53.85,70.66666667],[-53.91666667,70.66666667],[-53.91666667,70.63333333],[-53.98333333,70.63333333],[-53.98333333,70.6],[-53.66666667,70.6],[-53.66666667,70.58333333],[-53.46666667,70.58333333],[-53.46666667,70.53333333],[-52.8,70.53333333],[-52.8,70.31666667],[-52.51666667,70.31666667],[-52.51666667,70.46666667],[-52.63333333,70.46666667],[-52.63333333,70.51666667],[-52.71666667,70.51666667],[-52.71666667,70.75],[-52.76666667,70.75],[-52.76666667,70.76666667],[-52.9,70.76666667],[-52.9,70.71666667],[-52.95,70.71666667]]]]}"
MIN 2025-63,193850,Mining Exploitation Licence (MIN),Active License,Greenland Anorthosite Mining A/S,2025-05-21,2055-05-20,51.54,MIN 2025-63,M-MLSA-422,"{""type"":""MultiPolygon"",""coordinates"":[[[[-50.11666667,63.3],[-49.98333333,63.3],[-49.98333333,63.26666667],[-50.01666667,63.26666667],[-50.01666667,63.25],[-50.06666667,63.25],[-50.06666667,63.23333333],[-50.18333333,63.23333333],[-50.18333333,63.21666667],[-50.2,63.21666667],[-50.2,63.20833333],[-50.23333333,63.20833333],[-50.23333333,63.23333333],[-50.2,63.23333333],[-50.2,63.25],[-50.11666667,63.25],[-50.11666667,63.3]]]]}"
MEL 2017-26,754,Mineral Exploration Licence (MEL),Active License,Zawar Greenland ApS,2017-07-29,2028-12-31,113,MEL 2017-26,M-43,"{""type"":""MultiPolygon"",""coordinates"":[[[[-52.1,70.18333333],[-51.91666667,70.18333333],[-51.91666667,70.15],[-51.9,70.15],[-51.9,70.13333333],[-51.86666667,70.13333333],[-51.86666667,70.11666667],[-51.83333333,70.11666667],[-51.83333333,70.1],[-51.8,70.1],[-51.8,70.08333333],[-51.73333333,70.08333333],[-51.73333333,70.06666667],[-51.68333333,70.06666667],[-51.68333333,70.05],[-51.66666667,70.05],[-51.66666667,70.03333333],[-51.63333333,70.03333333],[-51.63333333,70],[-51.73333333,70],[-51.73333333,70.01666667],[-51.76666667,70.01666667],[-51.76666667,70.03333333],[-51.8,70.03333333],[-51.8,70.05],[-51.85,70.05],[-51.85,70.06666667],[-51.88333333,70.06666667],[-51.88333333,70.08333333],[-51.91666667,70.08333333],[-51.91666667,70.1],[-52,70.1],[-52,70.13333333],[-52.1,70.13333333],[-52.1,70.18333333],[-52.1,70.18333333]]]]}"
MEL 2023-69,167502,Mineral Exploration Licence (MEL),Active License,Gardaq A/S,2023-07-25,2027-12-31,198.79,MEL 2023-69,M-MLSA-344,"{""type"":""MultiPolygon"",""coordinates"":[[[[-43.76666667,60.93333333],[-43.71666667,60.93333333],[-43.71666667,60.91666667],[-43.6,60.91666667],[-43.6,60.8],[-43.5,60.8],[-43.5,60.75],[-43.68333333,60.75],[-43.68333333,60.76666667],[-43.73333333,60.76666667],[-43.73333333,60.78333333],[-43.75,60.78333333],[-43.75,60.81666667],[-43.78333333,60.81666667],[-43.78333333,60.91666667],[-43.76666667,60.91666667],[-43.76666667,60.93333333]]]]}"
MEL 2023-39,174526,Mineral Exploration Licence (MEL),Active License,Greenx Holdings Greenland,2023-05-09,2027-12-31,494.263,MEL 2023-39,M-MLSA-360,"{""type"":""MultiPolygon"",""coordinates"":[[[[-25.31666667,73.41666667],[-25.03333333,73.41666667],[-25.03333333,73.43333333],[-24.6,73.43333333],[-24.6,73.23333333],[-25.6,73.23333333],[-25.6,73.26666667],[-25.53333333,73.26666667],[-25.53333333,73.3],[-25.45,73.3],[-25.45,73.31666667],[-25.31666667,73.31666667],[-25.31666667,73.41666667]]]]}"
MEL 2024-01,173703,Mineral Exploration Licence (MEL),Active License,Itinnera Solutions ApS,2024-01-01,2028-12-31,197.97,MEL 2024-01,M-358,"{""type"":""MultiPolygon"",""coordinates"":[[[[-50.9,65.01666667],[-50.68333333,65.01666667],[-50.68333333,65],[-50.7,65],[-50.7,64.96666667],[-50.75,64.96666667],[-50.8,64.96666667],[-50.8,64.93333333],[-50.9,64.93333333],[-50.9,65.01666667]]],[[[-50.71666667,64.95],[-50.68333333,64.95],[-50.68333333,64.9],[-50.63333333,64.9],[-50.63333333,64.86666667],[-50.61666667,64.86666667],[-50.61666667,64.85],[-50.56666667,64.85],[-50.56666667,64.73333333],[-50.65,64.73333333],[-50.65,64.76666667],[-50.75,64.76666667],[-50.75,64.78333333],[-50.7,64.78333333],[-50.7,64.81666667],[-50.71666667,64.81666667],[-50.71666667,64.83333333],[-50.78333333,64.83333333],[-50.78333333,64.85],[-50.73333333,64.85],[-50.73333333,64.91666667],[-50.71666667,64.91666667],[-50.71666667,64.95]]]]}"
MEL 2026-02,196366,Mineral Exploration Licence (MEL),Active License,Wally John Resources Greenland,2026-01-01,2030-12-31,84.41,MEL 2026-02,M-MLSA-459,"{""type"":""MultiPolygon"",""coordinates"":[[[[-45.26666667,61.1],[-45.23333333,61.1],[-45.23333333,61.08333333],[-45.18333333,61.08333333],[-45.18333333,61.1],[-45.01666667,61.1],[-45.01666667,61.11666667],[-44.9,61.11666667],[-44.9,61.15],[-44.85,61.15],[-44.85,61.16666667],[-44.81666667,61.16666667],[-44.81666667,61.13333333],[-44.85,61.13333333],[-44.85,61.11666667],[-44.86666667,61.11666667],[-44.86666667,61.1],[-44.95,61.1],[-44.95,61.08333333],[-45,61.08333333],[-45,61.06666667],[-45.26666667,61.06666667],[-45.26666667,61.1],[-45.26666667,61.1]]]]}"
MEL 2022-03,158166,Mineral Exploration Licence (MEL),Active License,Greenroc Graphite Limited,2022-03-21,2026-12-31,114.01,MEL 2022-03,M-MLSA-315,"{""type"":""MultiPolygon"",""coordinates"":[[[[-45.23333333,60.21666667],[-45.2,60.21666667],[-45.2,60.2],[-45.1,60.2],[-45.1,60.15],[-45.13333333,60.15],[-45.13333333,60.11666667],[-45.25,60.11666667],[-45.25,60.1],[-45.33333333,60.1],[-45.33333333,60.16666667],[-45.3,60.16666667],[-45.3,60.18333333],[-45.25,60.18333333],[-45.25,60.16666667],[-45.26666667,60.16666667],[-45.26666667,60.13333333],[-45.21666667,60.13333333],[-45.21666667,60.18333333],[-45.23333333,60.18333333],[-45.23333333,60.21666667]]],[[[-45,60.43333333],[-44.95,60.43333333],[-44.95,60.38333333],[-45,60.38333333],[-45,60.43333333]]],[[[-45.1,60.16666667],[-44.9,60.16666667],[-44.9,60.11666667],[-45.1,60.11666667],[-45.1,60.16666667],[-45.1,60.16666667]]]]}"
MEL 2007-01,504,Mineral Exploration Licence (MEL),Active License,Major Precious Greenland A/S,2007-01-01,2027-12-31,107,MEL 2007-01,M-3,"{""type"":""MultiPolygon"",""coordinates"":[[[[-31.78333333,68.23333333],[-31.58333333,68.23333333],[-31.58333333,68.21666667],[-31.51666667,68.21666667],[-31.51666667,68.18333333],[-31.5,68.18333333],[-31.5,68.15],[-31.56666667,68.15],[-31.56666667,68.13333333],[-31.65,68.13333333],[-31.65,68.11666667],[-31.78333333,68.11666667],[-31.78333333,68.23333333]]]]}"
MEL 2017-29,762,Mineral Exploration Licence (MEL),Active License,White Eagle Resources Limited,2017-07-29,2028-12-31,60.15,MEL 2017-29,M-45,"{""type"":""MultiPolygon"",""coordinates"":[[[[-71.3,76.98333333],[-70.96666667,76.98333333],[-70.96666667,76.96666667],[-70.88333333,76.96666667],[-70.88333333,76.95],[-70.63333333,76.95],[-70.63333333,76.91666667],[-70.76666667,76.91666667],[-70.76666667,76.9],[-70.86666667,76.9],[-70.86666667,76.88333333],[-70.78333333,76.88333333],[-70.78333333,76.86666667],[-70.73333333,76.86666667],[-70.73333333,76.85],[-70.66666667,76.85],[-70.66666667,76.83333333],[-70.61666667,76.83333333],[-70.61666667,76.81666667],[-70.51666667,76.81666667],[-70.51666667,76.78333333],[-70.58333333,76.78333333],[-70.58333333,76.80444444],[-70.71666667,76.80444444],[-70.71666667,76.81666667],[-70.83333333,76.81666667],[-70.83333333,76.85],[-70.96666667,76.85],[-70.96666667,76.88333333],[-71.05,76.88333333],[-71.05,76.91666667],[-71.16666667,76.91666667],[-71.16666667,76.95],[-71.28,76.97],[-71.3,76.98333333]]]]}"
MEL 2024-24,183548,Mineral Exploration Licence (MEL),Active License,Zawar Greenland ApS,2024-03-21,2028-12-31,81.21,MEL 2024-24,M-388,"{""type"":""MultiPolygon"",""coordinates"":[[[[-68.96666667,76.38333333],[-68.77916667,76.38333333],[-68.77916667,76.37916667],[-68.76666667,76.37916667],[-68.76666667,76.35],[-68.96666667,76.35],[-68.96666667,76.38333333]]],[[[-69.23333333,76.31666667],[-68.9,76.31666667],[-68.9,76.3],[-68.71666667,76.3],[-68.71666667,76.28333333],[-69.13333333,76.28333333],[-69.13333333,76.3],[-69.23333333,76.3],[-69.23333333,76.31666667]]],[[[-67.91666667,76.26666667],[-67.78333333,76.26666667],[-67.78333333,76.25],[-67.7,76.25],[-67.7,76.21666667],[-67.75,76.21666667],[-67.75,76.23333333],[-67.91666667,76.23333333],[-67.91666667,76.26666667]]],[[[-67.26666667,76.28333333],[-67.16666667,76.28333333],[-67.16666667,76.26666667],[-67.26666667,76.26666667],[-67.26666667,76.28333333]]]]}"
MEL 2012-25,607,Mineral Exploration Licence (MEL),Active License,Major Precious Greenland A/S,2012-01-01,2026-12-31,16,MEL 2012-25,M-22,"{""type"":""MultiPolygon"",""coordinates"":[[[[-31.41666667,68.21666667],[-31.36666667,68.21666667],[-31.36666667,68.2],[-31.31666667,68.2],[-31.31666667,68.16666667],[-31.4,68.16666667],[-31.4,68.2],[-31.41666667,68.2],[-31.41666667,68.21666667],[-31.41666667,68.21666667]]]]}"
MEL 2020-03,11037,Mineral Exploration Licence (MEL),Active License,Disko Exploration Ltd.,2020-04-14,2026-12-31,920.16,MEL 2020-03,M-99,"{""type"":""MultiPolygon"",""coordinates"":[[[[-44.63333333,60.38333333],[-44.6,60.38333333],[-44.31666667,60.4],[-44.26666667,60.38333333],[-44.26666667,60.31666667],[-44.25,60.31666667],[-44.25,60.3],[-44.23333333,60.3],[-44.23333333,60.26666667],[-44.21666667,60.26666667],[-44.21666667,60.21666667],[-44.26666667,60.21666667],[-44.26666667,60.16666667],[-44.3,60.16666667],[-44.3,60.13333333],[-44.41666667,60.13333333],[-44.41666667,60.15],[-44.55,60.15],[-44.55,60.23333333],[-44.46666667,60.23333333],[-44.48333333,60.25],[-44.45,60.28333333],[-44.45,60.3],[-44.43333333,60.3],[-44.43333333,60.31666667],[-44.41666667,60.31666667],[-44.41666667,60.33333333],[-44.4,60.33333333],[-44.4,60.35],[-44.55,60.28333333],[-44.71666667,60.28333333],[-44.7,60.33333333],[-44.63333333,60.36666667],[-44.63333333,60.38333333]]]]}"
MEL 2024-31,180801,Mineral Exploration Licence (MEL),Active License,Navella AB Greenland,2024-03-18,2028-12-31,17.848,MEL 2024-31,M-375,"{""type"":""MultiPolygon"",""coordinates"":[[[[-51.28333333,63.51666667],[-51.2,63.5],[-51.2,63.48333333],[-51.28333333,63.5],[-51.28333333,63.51666667]]],[[[-51.18333333,63.45],[-51.1,63.43333333],[-51.13333333,63.41666667],[-51.2,63.41666667],[-51.25,63.41666667],[-51.25,63.43333333],[-51.18333333,63.43333333],[-51.18333333,63.45]]]]}"
MEL 2024-67,184878,Mineral Exploration Licence (MEL),Active License,Xploration Services Greenland A/S,2024-07-10,2028-12-31,35.1604,MEL 2024-67,M-MLSA-393,"{""type"":""MultiPolygon"",""coordinates"":[[[[-49.18333333,62.15],[-49.15,62.15],[-49.15,62.13333333],[-49.13333333,62.13333333],[-49.13333333,62.15],[-49.1,62.15],[-49.1,62.13333333],[-49.11666667,62.13333333],[-49.11666667,62.1],[-49.13333333,62.1],[-49.13333333,62.08333333],[-49.16666667,62.08333333],[-49.16666667,62.06666667],[-49.21666667,62.06666667],[-49.21666667,62.11666667],[-49.18333333,62.11666667],[-49.18333333,62.15]]]]}"
MEL 2025-99,195299,Mineral Exploration Licence (MEL),Active License,Gardaq A/S,2025-07-03,2029-12-31,41.66,MEL 2025-99,M-MLSA-436,"{""type"":""MultiPolygon"",""coordinates"":[[[[-33.26666667,68.63333333],[-33.08333333,68.63333333],[-33.08333333,68.58333333],[-33.26666667,68.58333333],[-33.26666667,68.63333333]]]]}"
MEL 2020-41,17215,Mineral Exploration Licence (MEL),Active License,Gardaq A/S,2021-03-02,2026-12-31,332.99,MEL 2020-41,M-239,"{""type"":""MultiPolygon"",""coordinates"":[[[[-45.78333333,61.48333333],[-45.61666667,61.48333333],[-45.61666667,61.41666667],[-45.7,61.41666667],[-45.7,61.4],[-45.71666667,61.4],[-45.71666667,61.38333333],[-45.75,61.38333333],[-45.75,61.36666667],[-45.78333333,61.36666667],[-45.78333333,61.35],[-45.8,61.35],[-45.81666667,61.35],[-45.81666667,61.3],[-45.83333333,61.3],[-45.83333333,61.28333333],[-45.86666667,61.28333333],[-45.86666667,61.26666667],[-45.88333333,61.26666667],[-45.88333333,61.23333333],[-45.9,61.23333333],[-45.9,61.21666667],[-45.98333333,61.21666667],[-45.98333333,61.23333333],[-46.06666667,61.23333333],[-46.06666667,61.35],[-46,61.35],[-46,61.36666667],[-45.98333333,61.36666667],[-45.98333333,61.38333333],[-45.96666667,61.38333333],[-45.96666667,61.4],[-45.88333333,61.4],[-45.88333333,61.46666667],[-45.78333333,61.46666667],[-45.78333333,61.48333333]]]]}"
MEL 2024-130,187281,Mineral Exploration Licence (MEL),Active License,Itinnera Solutions ApS,2024-08-28,2028-12-31,147.26,MEL 2024-130,M-402,"{""type"":""MultiPolygon"",""coordinates"":[[[[-50.11666667,62.36666667],[-50.03333333,62.36666667],[-50.03333333,62.35],[-49.98333333,62.35],[-49.98333333,62.31666667],[-49.88333333,62.31666667],[-49.88333333,62.28333333],[-49.83333333,62.28333333],[-49.83333333,62.25],[-50.01666667,62.25],[-50.01666667,62.26666667],[-50.05,62.26666667],[-50.05,62.31666667],[-50.08333333,62.31666667],[-50.08333333,62.33333333],[-50.11666667,62.33333333],[-50.11666667,62.36666667]]],[[[-49.51666667,62.25],[-49.33333333,62.25],[-49.33333333,62.26666667],[-49.28333333,62.26666667],[-49.28333333,62.23333333],[-49.3,62.23333333],[-49.3,62.21666667],[-49.43333333,62.21666667],[-49.43333333,62.23333333],[-49.46666667,62.23333333],[-49.46666667,62.21666667],[-49.51666667,62.21666667],[-49.51666667,62.25]]]]}"
MEL 2024-69,185528,Mineral Exploration Licence (MEL),Active License,Arcticulture ApS,2024-07-10,2028-12-31,6.86,MEL 2024-69,M-MLSA-396,"{""type"":""MultiPolygon"",""coordinates"":[[[[-51.9,64.2],[-51.95,64.2],[-51.95,64.23333333],[-51.9,64.23333333],[-51.9,64.2]]]]}"
MEL 2024-68,184855,Mineral Exploration Licence (MEL),Active License,Xploration Services Greenland A/S,2024-07-10,2028-12-31,170.2843,MEL 2024-68,M-MLSA-392,"{""type"":""MultiPolygon"",""coordinates"":[[[[-50.01666667,64.83333333],[-49.96666667,64.83333333],[-49.96666667,64.81666667],[-49.91666667,64.81666667],[-49.91666667,64.78333333],[-49.93333333,64.78333333],[-49.93333333,64.76666667],[-49.65,64.76666667],[-49.65,64.71666667],[-49.98333333,64.71666667],[-49.98333333,64.7],[-50.1,64.7],[-50.1,64.68333333],[-50.2,64.68333333],[-50.2,64.7],[-50.16666667,64.7],[-50.16666667,64.71666667],[-50.11666667,64.71666667],[-50.11666667,64.73333333],[-50.08333333,64.73333333],[-50.08333333,64.75],[-50.05,64.75],[-50.05,64.76666667],[-50.03333333,64.76666667],[-50.03333333,64.78333333],[-50.01666667,64.78333333],[-50.01666667,64.83333333]]]]}"
MEL 2025-101,192450,Mineral Exploration Licence (MEL),Active License,Pulsar Helium (GL) Inc.,2025-07-08,2029-12-31,63.226,MEL 2025-101,M-414,"{""type"":""MultiPolygon"",""coordinates"":[[[[-21.95,70.46666667],[-21.88333333,70.46666667],[-21.88333333,70.48333333],[-21.55,70.48333333],[-21.55,70.46666667],[-21.61666667,70.46666667],[-21.61666667,70.41666667],[-21.78333333,70.41666667],[-21.78333333,70.4],[-22,70.4],[-22,70.43333333],[-21.95,70.43333333],[-21.95,70.46666667]]]]}"
MEL 2025-32,191495,Mineral Exploration Licence (MEL),Active License,Xploration Services Greenland A/S,2025-04-29,2029-12-31,87.66,MEL 2025-32,M-MLSA-411,"{""type"":""MultiPolygon"",""coordinates"":[[[[-53.13333333,71.33333333],[-53.1,71.33333333],[-53.1,71.31666667],[-53.11666667,71.31666667],[-53.11666667,71.28333333],[-53.1,71.28333333],[-53.1,71.26666667],[-53.03333333,71.26666667],[-53.03333333,71.25],[-53.06666667,71.25],[-53.06666667,71.23333333],[-53.1,71.23333333],[-53.1,71.2],[-53.13333333,71.2],[-53.13333333,71.25],[-53.15,71.25],[-53.15,71.31666667],[-53.13333333,71.31666667],[-53.13333333,71.33333333]]],[[[-52.43333333,71.31666667],[-52.38333333,71.31666667],[-52.38333333,71.3],[-52.36666667,71.3],[-52.36666667,71.26666667],[-52.5,71.26666667],[-52.5,71.3],[-52.43333333,71.3],[-52.43333333,71.31666667]]],[[[-52.23333333,71.28333333],[-52.15,71.28333333],[-52.15,71.25],[-52.16666667,71.25],[-52.16666667,71.23333333],[-52.26666667,71.23333333],[-52.26666667,71.26666667],[-52.23333333,71.26666667],[-52.23333333,71.28333333]]],[[[-52.11666667,71.11666667],[-52.06666667,71.11666667],[-52.06666667,71.08333333],[-52.11666667,71.08333333],[-52.11666667,71.11666667]]],[[[-51.16666667,70.8],[-51.01666667,70.8],[-51.01666667,70.76666667],[-51.05,70.76666667],[-51.05,70.75],[-51.06666667,70.75],[-51.06666667,70.76666667],[-51.15,70.76666667],[-51.15,70.75],[-51.16666667,70.75],[-51.16666667,70.76666667],[-51.18333333,70.76666667],[-51.18333333,70.78333333],[-51.16666667,70.78333333],[-51.16666667,70.8]]]]}"
MEL 2025-01,191148,Mineral Exploration Licence (MEL),Active License,ALEZA Invest SE,2025-01-01,2029-12-31,181.88,MEL 2025-01,M-MLSA-407,"{""type"":""MultiPolygon"",""coordinates"":[[[[-25.85,70.73333333],[-25.63333333,70.73333333],[-25.63333333,70.6],[-26,70.6],[-26,70.7],[-25.85,70.7],[-25.85,70.73333333]]]]}"
MEL 2024-128,186075,Mineral Exploration Licence (MEL),Active License,Arcticulture ApS,2024-08-28,2028-12-31,29.14,MEL 2024-128,M-MLSA-399,"{""type"":""MultiPolygon"",""coordinates"":[[[[-50.85333333,66.83833333],[-50.8,66.82111111],[-50.76166667,66.84722222],[-50.8225,66.86305556],[-50.85333333,66.83833333]]],[[[-50.97027778,66.96805556],[-50.88,66.98083333],[-50.83444444,66.95027778],[-50.92777778,66.92944444],[-50.97027778,66.96805556]]]]}"
MEL 2020-64,20009,Mineral Exploration Licence (MEL),Active License,Longland Resources Limited,2020-09-29,2026-12-31,264,MEL 2020-64,M-252,"{""type"":""MultiPolygon"",""coordinates"":[[[[-24.2,72.23333333],[-24.08333333,72.23333333],[-24.08333333,72.26666667],[-23.9,72.26666667],[-23.9,72.2425],[-23.95,72.2425],[-23.95,72.25],[-24,72.25],[-24,72.22416667],[-23.9,72.22416667],[-23.9,72.21666667],[-23.81666667,72.21666667],[-23.81666667,72.13333333],[-23.85,72.13333333],[-23.85,72.05],[-24.2,72.05],[-24.2,72.23333333]]]]}"
MEL 2022-01,156728,Mineral Exploration Licence (MEL),Active License,Gardaq A/S,2022-02-23,2026-12-31,68.3646,MEL 2022-01,M-MLSA-310,"{""type"":""MultiPolygon"",""coordinates"":[[[[-47.63333333,61.01666667],[-47.53333333,61.01666667],[-47.53333333,61],[-47.6,61],[-47.6,60.98333333],[-47.65,60.98333333],[-47.65,60.96666667],[-47.73333333,60.96666667],[-47.73333333,60.95],[-47.78333333,60.95],[-47.78333333,60.93333333],[-47.91666667,60.93333333],[-47.91666667,60.91666667],[-47.98333333,60.91666667],[-47.98333333,60.9],[-48.01666667,60.9],[-48.01666667,60.88333333],[-48.06666667,60.88333333],[-48.06666667,60.86666667],[-48.13333333,60.86666667],[-48.13333333,60.85],[-48.16666667,60.85],[-48.16666667,60.88333333],[-48.1,60.88333333],[-48.1,60.9],[-48.03333333,60.9],[-48.03333333,60.91666667],[-48,60.91666667],[-48,60.93333333],[-47.93333333,60.93333333],[-47.93333333,60.95],[-47.85,60.95],[-47.85,60.96666667],[-47.78333333,60.96666667],[-47.78333333,60.98333333],[-47.75,60.98333333],[-47.75,61],[-47.63333333,61],[-47.63333333,61.01666667]]]]}"
MEL 2020-31,22950,Mineral Exploration Licence (MEL),Active License,Gardaq A/S,2020-05-28,2026-12-31,63.91,MEL 2020-31,M-MLSA-273,"{""type"":""MultiPolygon"",""coordinates"":[[[[-44.9,60.96666667],[-44.78333333,60.96666667],[-44.78333333,60.93333333],[-44.81666667,60.93333333],[-44.81666667,60.91666667],[-44.83333333,60.91666667],[-44.83333333,60.9],[-44.85,60.9],[-44.85,60.88333333],[-44.86666667,60.88333333],[-44.86666667,60.86666667],[-44.88333333,60.86666667],[-44.88333333,60.85],[-44.91666667,60.85],[-44.91666667,60.93333333],[-44.96666667,60.93333333],[-44.96666667,60.95],[-44.9,60.95],[-44.9,60.96666667]]]]}"
MEL 2019-59,7594,Mineral Exploration Licence (MEL),Active License,NAIP West Exploration A/S,2020-01-01,2026-12-31,827,MEL 2019-59,M-76,"{""type"":""MultiPolygon"",""coordinates"":[[[[-53.26666667,70.53333333],[-52.8,70.53333333],[-52.8,70.28333333],[-52.91666667,70.28333333],[-52.91666667,70.3],[-53,70.3],[-53,70.31666667],[-53.08333333,70.31666667],[-53.08333333,70.33333333],[-53.16666667,70.33333333],[-53.16666667,70.35],[-53.26666667,70.35],[-53.26666667,70.53333333]]],[[[-54.5,70.31666667],[-54.41666667,70.31666667],[-54.41666667,70.33333333],[-54.25,70.33333333],[-54.25,70.31666667],[-54.16666667,70.31666667],[-54.16666667,70.3],[-54.1,70.3],[-54.1,70.11666667],[-54,70.11666667],[-54,70.08333333],[-54.5,70.08333333],[-54.5,70.31666667]]]]}"
MEL 2020-06,17184,Mineral Exploration Licence (MEL),Active License,Disko Exploration Ltd.,2020-02-27,2026-12-31,586,MEL 2020-06,M-MLSA-238,"{""type"":""MultiPolygon"",""coordinates"":[[[[-52,71.43333333],[-51.85,71.43333333],[-51.85,71.45],[-51.65,71.45],[-51.65,71.46666667],[-51.58333333,71.46666667],[-51.58333333,71.45],[-51.08333333,71.45],[-51.08333333,71.43333333],[-51.03333333,71.43333333],[-51.03333333,71.41666667],[-51.01666667,71.41666667],[-51.01666667,71.4],[-51.03333333,71.4],[-51.03333333,71.38333333],[-51.1,71.38333333],[-51.1,71.36666667],[-51.16666667,71.36666667],[-51.16666667,71.35],[-51.13333333,71.35],[-51.13333333,71.33333333],[-51.08333333,71.33333333],[-51.08333333,71.31666667],[-51.05,71.31666667],[-51.05,71.33333333],[-50.96666667,71.33333333],[-50.96666667,71.3],[-51.05,71.3],[-51.05,71.28333333],[-51.15,71.28333333],[-51.15,71.26666667],[-51.26666667,71.26666667],[-51.26666667,71.25],[-51.28333333,71.25],[-51.28333333,71.23333333],[-51.31666667,71.23333333],[-51.31666667,71.21666667],[-51.28333333,71.21666667],[-51.28333333,71.2],[-51.35,71.2],[-51.35,71.21666667],[-51.41666667,71.21666667],[-51.41666667,71.2],[-51.81666667,71.2],[-51.81666667,71.18333333],[-52.06666667,71.18333333],[-52.06666667,71.21666667],[-51.98333333,71.21666667],[-51.98333333,71.23333333],[-51.93333333,71.23333333],[-51.93333333,71.25],[-51.88333333,71.25],[-51.88333333,71.26666667],[-51.68333333,71.26666667],[-51.68333333,71.25],[-51.46666667,71.25],[-51.46666667,71.26666667],[-51.3,71.26666667],[-51.3,71.28333333],[-51.25,71.28333333],[-51.25,71.3],[-51.15,71.3],[-51.15,71.33333333],[-51.2,71.33333333],[-51.2,71.36666667],[-51.45,71.36666667],[-51.45,71.3],[-51.55,71.3],[-51.55,71.31666667],[-51.7,71.31666667],[-51.7,71.35],[-51.75,71.35],[-51.75,71.33333333],[-51.81666667,71.33333333],[-51.81666667,71.31666667],[-51.85,71.31666667],[-51.85,71.3],[-51.95,71.3],[-51.95,71.35],[-51.96666667,71.35],[-51.96666667,71.36666667],[-52,71.36666667],[-52,71.43333333]]]]}"
MEL 2015-08,723,Mineral Exploration Licence (MEL),Active License,Dundas Titanium A/S,2015-01-01,2026-12-31,2697.851,MEL 2015-08,M-36,"{""type"":""MultiPolygon"",""coordinates"":[[[[-70.1,76.78333333],[-69.95,76.78333333],[-69.95,76.75],[-69.86666667,76.75],[-69.4,76.70277778],[-69.28333333,76.68611111],[-69.28333333,76.67777778],[-69.08333333,76.67777778],[-69.08333333,76.7],[-68.76666667,76.7],[-68.76666667,76.66666667],[-69.4,76.66666667],[-69.4,76.7],[-69.6,76.7],[-69.6,76.71666667],[-69.8,76.71666667],[-69.8,76.73333333],[-70,76.73333333],[-70,76.75],[-70.1,76.75],[-70.1,76.78333333]]],[[[-67.01666667,77.4],[-67.01666667,77.35],[-68.2,77.35],[-68.2,77.31666667],[-68.16666667,77.31666667],[-68.16666667,77.26666667],[-67.5,77.26666667],[-67.51666667,77.08333333],[-68.7,77.08333333],[-68.7,77.11666667],[-69.5,77.11666667],[-69.5,77.15],[-70.53333333,77.15],[-70.53333333,77.08333333],[-70.8,77.08333333],[-70.8,77],[-70.35,77],[-70.35,76.93333333],[-70.45,76.93333333],[-70.45,76.88333333],[-70.15,76.88333333],[-70.15,77],[-70,77],[-70,76.98333333],[-69.88333333,76.98333333],[-69.88333333,77.01666667],[-70.08333333,77.01666667],[-70.08333333,77.05],[-69.35,77.05],[-69.35,76.96666667],[-69.2,76.96666667],[-69.2,76.78333333],[-69.11666667,76.78333333],[-69.11666667,76.75],[-67.83333333,76.75],[-67.83333333,76.63333333],[-68.76666667,76.63333333],[-68.76666667,76.7],[-69.2,76.7],[-69.2,76.75],[-69.7,76.75],[-69.7,76.76666667],[-69.8,76.76666667],[-69.8,76.78333333],[-70.51666667,76.78333333],[-70.51666667,76.81666667],[-70.61666667,76.81666667],[-70.61666667,76.83333333],[-70.66666667,76.83333333],[-70.66666667,76.85],[-70.73333333,76.85],[-70.73333333,76.86666667],[-70.78333333,76.86666667],[-70.78333333,76.88333333],[-70.86666667,76.88333333],[-70.86666667,76.9],[-70.76666667,76.9],[-70.75,76.91666667],[-70.63333333,76.91666667],[-70.63333333,76.95],[-70.88333333,76.95],[-70.88333333,76.96666667],[-70.96666667,76.96666667],[-70.96666667,76.98333333],[-71.36666667,76.98333333],[-71.36666667,77.08333333],[-71.2,77.08333333],[-71.2,77.15],[-70.93333333,77.15],[-70.93333333,77.21666667],[-70.6,77.21666667],[-70.61064167,77.25],[-69.1,77.25],[-69.1,77.31666667],[-68.85,77.31666667],[-68.85,77.35],[-68.56666667,77.35],[-68.56666667,77.38333333],[-67.9,77.38333333],[-67.9,77.4],[-67.01666667,77.4]]]]}"
MEL 2025-17,167380,Mineral Exploration Licence (MEL),Active License,Gardaq A/S,2025-01-20,2029-12-31,63.2335,MEL 2025-17,M-MLSA-340,"{""type"":""MultiPolygon"",""coordinates"":[[[[-45.38333333,61.31666667],[-45.23333333,61.31666667],[-45.23333333,61.3],[-45.26666667,61.3],[-45.26666667,61.26666667],[-45.3,61.26666667],[-45.3,61.21666667],[-45.38333333,61.21666667],[-45.38333333,61.31666667]]]]}"
MEL 2020-26,17117,Mineral Exploration Licence (MEL),Active License,Black Angel Mining A/S,2020-05-28,2026-12-31,52,MEL 2020-26,M-MLSA-237,"{""type"":""MultiPolygon"",""coordinates"":[[[[-51.11666667,71.16666667],[-51.05,71.16666667],[-51.05,71.13333333],[-51.08333333,71.13333333],[-51.08333333,71.11666667],[-51.18333333,71.11666667],[-51.18333333,71.06666667],[-51.26666667,71.06666667],[-51.26666667,71.08333333],[-51.3,71.08333333],[-51.3,71.1],[-51.31666667,71.1],[-51.31666667,71.13333333],[-51.26666667,71.13333333],[-51.26666667,71.15],[-51.11666667,71.15],[-51.11666667,71.16666667]]]]}"
MEL-T 2025-171,201368,Tender - Mineral Exploration Licence (MEL),Active License,Black Angel Mining A/S,2025-07-31,2029-12-31,114.71,MEL-T 2025-171,M-491,"{""type"":""MultiPolygon"",""coordinates"":[[[[-51.15,71.16666667],[-51.11666667,71.16666667],[-51.11666667,71.15],[-51.15,71.15],[-51.15,71.16666667]]],[[[-51.05,71.16666667],[-51,71.16666667],[-51,71.13333333],[-50.9,71.13333333],[-50.9,71.11666667],[-50.86666667,71.11666667],[-50.86666667,71.06666667],[-51.18333333,71.06666667],[-51.18333333,71.11666667],[-51.08333333,71.11666667],[-51.08333333,71.13333333],[-51.05,71.13333333],[-51.05,71.16666667]]],[[[-51.38333333,71.13333333],[-51.31666667,71.13333333],[-51.31666667,71.1],[-51.3,71.1],[-51.3,71.08333333],[-51.26666667,71.08333333],[-51.26666667,71.06666667],[-51.38333333,71.06666667],[-51.38333333,71.08333333],[-51.43333333,71.08333333],[-51.43333333,71.11666667],[-51.38333333,71.11666667],[-51.38333333,71.13333333]]]]}"
MEL-T 2023-174,170574,Tender - Mineral Exploration Licence (MEL),Active License,R500 Greenmin Ltd.,2023-10-10,2028-12-31,12,MEL-T 2023-174,M-347,"{""type"":""MultiPolygon"",""coordinates"":[[[[-51.6,65],[-51.51666667,65],[-51.51666667,64.98333333],[-51.55,64.98333333],[-51.55,64.96666667],[-51.6,64.96666667],[-51.6,65],[-51.6,65]]]]}"
MEL 2019-80,9840,Mineral Exploration Licence (MEL),Active License,Anglo American Exploration Overseas Holdings Limited,2019-07-15,2030-12-31,2447.17,MEL 2019-80,M-93,"{""type"":""MultiPolygon"",""coordinates"":[[[[-54.73333333,71.98333333],[-54.48333333,71.98333333],[-54.48333333,71.96666667],[-54.26666667,71.96666667],[-54.26666667,71.95],[-54.06666667,71.95],[-54.06666667,71.8],[-53.9,71.8],[-53.9,71.76666667],[-53.8,71.76666667],[-53.8,71.73333333],[-53.73333333,71.73333333],[-53.73333333,71.71666667],[-53.71666667,71.71666667],[-53.71666667,71.68333333],[-53.73333333,71.68333333],[-53.73333333,71.66666667],[-53.71666667,71.66666667],[-53.71666667,71.65],[-53.73333333,71.65],[-53.73333333,71.63333333],[-53.91666667,71.63333333],[-53.91666667,71.65],[-54.06666667,71.65],[-54.06666667,71.61666667],[-53.98333333,71.61666667],[-53.98333333,71.6],[-53.9,71.6],[-53.9,71.58333333],[-53.86666667,71.58333333],[-53.86666667,71.56666667],[-53.85,71.56666667],[-53.85,71.51666667],[-53.86666667,71.51666667],[-53.86666667,71.46666667],[-53.88333333,71.46666667],[-53.88333333,71.45],[-53.9,71.45],[-53.9,71.43333333],[-54.06666667,71.43333333],[-54.06666667,71.41666667],[-54.16666667,71.41666667],[-54.16666667,71.4],[-54.25,71.4],[-54.25,71.38333333],[-54.33333333,71.38333333],[-54.33333333,71.36666667],[-54.65,71.36666667],[-54.65,71.35],[-54.86666667,71.35],[-54.86666667,71.36666667],[-54.91666667,71.36666667],[-54.91666667,71.38333333],[-54.93333333,71.38333333],[-54.93333333,71.4],[-54.93333333,71.75],[-55.36666667,71.75],[-55.36666667,71.86666667],[-55.33333333,71.86666667],[-55.33333333,71.9],[-54.96666667,71.9],[-54.96666667,71.91666667],[-54.85,71.91666667],[-54.85,71.93333333],[-54.81666667,71.93333333],[-54.81666667,71.95],[-54.76666667,71.95],[-54.76666667,71.96666667],[-54.73333333,71.96666667],[-54.73333333,71.98333333]]]]}"
MEL 2012-29,626,Mineral Exploration Licence (MEL),Active License,Nikkeli Greenland A/S,2012-01-01,2026-12-31,194,MEL 2012-29,M-24,"{""type"":""MultiPolygon"",""coordinates"":[[[[-54,70.3],[-53.85,70.3],[-53.85,70.16666667],[-53.8,70.16666667],[-53.8,70.13333333],[-53.9,70.13333333],[-53.9,70.15],[-54,70.15],[-54,70.3],[-54,70.3]]],[[[-53.75,70.48333333],[-53.35,70.48333333],[-53.35,70.41666667],[-53.55,70.41666667],[-53.55,70.43333333],[-53.75,70.43333333],[-53.75,70.48333333],[-53.75,70.48333333]]]]}"
MEL 2021-10,29376,Mineral Exploration Licence (MEL),Active License,Major Precious Greenland A/S,2021-01-07,2026-12-31,754,MEL 2021-10,M-MLSA-292,"{""type"":""MultiPolygon"",""coordinates"":[[[[-32.21666667,68.45],[-31.4,68.45],[-31.4,68.28333333],[-31.43333333,68.28333333],[-31.43333333,68.26666667],[-31.48333333,68.26666667],[-31.48333333,68.25],[-32,68.25],[-32,68.26666667],[-32.06666667,68.26666667],[-32.06666667,68.3],[-32.1,68.3],[-32.1,68.33333333],[-32.13333333,68.33333333],[-32.13333333,68.36666667],[-32.21666667,68.36666667],[-32.21666667,68.45]]],[[[-32.46666667,68.36666667],[-32.46666667,68.36666667],[-32.16666667,68.36611111],[-32.16666667,68.28333333],[-32.1,68.28333333],[-32.1,68.18333333],[-32.25,68.21666667],[-32.25,68.31666667],[-32.36666667,68.31666667],[-32.36666667,68.26666667],[-32.33333333,68.26666667],[-32.33333333,68.21666667],[-32.25063611,68.216575],[-32.10051667,68.18325556],[-32.46666667,68.18333333],[-32.46666667,68.36666667],[-32.46666667,68.36666667]]]]}"
MIN 2026-03,207341,Mining Exploitation Licence (MIN),Active License,Greenland Graphite A/S,2026-01-01,2055-12-31,72.62,MIN 2026-03,M-MLSA-503,"{""type"":""MultiPolygon"",""coordinates"":[[[[-45.03333333,60.38333333],[-44.96666667,60.38333333],[-44.96666667,60.35],[-44.98333333,60.35],[-44.98333333,60.33333333],[-45,60.33333333],[-45,60.31666667],[-45.05,60.31666667],[-45.05,60.3],[-45.1,60.3],[-45.1,60.2],[-45.2,60.2],[-45.2,60.21666667],[-45.18333333,60.21666667],[-45.18333333,60.23333333],[-45.23333333,60.23333333],[-45.23333333,60.3],[-45.2,60.3],[-45.2,60.31666667],[-45.18333333,60.31666667],[-45.18333333,60.33333333],[-45.1,60.33333333],[-45.1,60.35],[-45.08333333,60.35],[-45.08333333,60.36666667],[-45.03333333,60.36666667],[-45.03333333,60.38333333]]]]}"
MEL 2025-138,195307,Mineral Exploration Licence (MEL),Active License,Gardaq A/S,2025-07-16,2029-12-31,730.19,MEL 2025-138,M-MLSA-437,"{""type"":""MultiPolygon"",""coordinates"":[[[[-68.05,78.71666667],[-67.6,78.71666667],[-67.6,78.53333333],[-67.81666667,78.53333333],[-67.81666667,78.51666667],[-68.01666667,78.51666667],[-68.01666667,78.5],[-68.2,78.5],[-68.2,78.46666667],[-68.7,78.46666667],[-68.7,78.43333333],[-69.51666667,78.43333333],[-69.51666667,78.51666667],[-69.13333333,78.51666667],[-69.13333333,78.55],[-68.83333333,78.55],[-68.83333333,78.58333333],[-68.66666667,78.58333333],[-68.66666667,78.63333333],[-68.56666667,78.63333333],[-68.56666667,78.66666667],[-68.05,78.66666667],[-68.05,78.71666667]]]]}"
MEL 2007-45,524,Mineral Exploration Licence (MEL),Active License,Eclipse Metals Limited Greenland,2007-01-01,2027-12-31,39.246,MEL 2007-45,M-8,"{""type"":""MultiPolygon"",""coordinates"":[[[[-48.15,61.26666667],[-48.05,61.26666667],[-48.05,61.25],[-48,61.25],[-48,61.21666667],[-48.03333333,61.21666667],[-48.03333333,61.2],[-48.05,61.2],[-48.05,61.18333333],[-48.06666667,61.18333333],[-48.06666667,61.2],[-48.08333333,61.2],[-48.08333333,61.225],[-48.07777778,61.225],[-48.07777778,61.24166667],[-48.08333333,61.24166667],[-48.08333333,61.25],[-48.13333333,61.25],[-48.13333333,61.18333333],[-48.2,61.18333333],[-48.2,61.21666667],[-48.15,61.21666667],[-48.15,61.26666667]]]]}"
MEL 2025-185,181872,Special Exploration Licence (MEL-S),Active License,Longland Resources Limited,2025-11-03,2028-12-31,4613.86,MEL 2025-185,M-383,"{""type"":""MultiPolygon"",""coordinates"":[[[[-31.15,68.81666667],[-30.1,68.81666667],[-30.1,68.73333333],[-29.98333333,68.73333333],[-29.98333333,68.68333333],[-29.7,68.68333333],[-29.7,68.41666667],[-30.01666667,68.41666667],[-30.01666667,68.3],[-29.96666667,68.3],[-29.96666667,68.26666667],[-29.73333333,68.26666667],[-29.73333333,68.16666667],[-30.01666667,68.16666667],[-30.01666667,68.13333333],[-30.13333333,68.13333333],[-30.13333333,68.11666667],[-30.45,68.11666667],[-30.45,68.08333333],[-30.9,68.08333333],[-30.9,68.05],[-31.25,68.05],[-31.25,68.08333333],[-31.65,68.08333333],[-31.65,68.1],[-31.73333333,68.1],[-31.73333333,68.11666667],[-31.65,68.11666667],[-31.65,68.13333333],[-31.56666667,68.13333333],[-31.56666667,68.15],[-31.5,68.15],[-31.5,68.18333333],[-31.51666667,68.18333333],[-31.51666667,68.21666667],[-31.58333333,68.21666667],[-31.58333333,68.23333333],[-31.48333333,68.23333333],[-31.48333333,68.15],[-31.4,68.15],[-31.4,68.16666667],[-31.31666667,68.16666667],[-31.31666667,68.2],[-31.36666667,68.2],[-31.36666667,68.25],[-31.33333333,68.25],[-31.33333333,68.26666667],[-31.3,68.26666667],[-31.3,68.35],[-31.2,68.35],[-31.2,68.5],[-31.1,68.5],[-31.1,68.58333333],[-31.15,68.58333333],[-31.15,68.81666667]]],[[[-31.4,68.53333333],[-31.36666667,68.53333333],[-31.36666667,68.5],[-31.4,68.5],[-31.4,68.53333333]]]]}"
MEL 2025-177,196456,Mineral Exploration Licence (MEL),Active License,Lumina Sustainable Materials A/S,2025-08-01,2029-11-30,367.29,MEL 2025-177,M-MLSA-461,"{""type"":""MultiPolygon"",""coordinates"":[[[[-24.85,71.61666667],[-24.41666667,71.61666667],[-24.41666667,71.46666667],[-24.55,71.46666667],[-24.55,71.36666667],[-24.75,71.36666667],[-24.75,71.45],[-24.85,71.45],[-24.85,71.61666667],[-24.85,71.61666667]]],[[[-24.96666667,71.75],[-24.85,71.75],[-24.85,71.7],[-24.96666667,71.7],[-24.96666667,71.75]]]]}"
MEL 2010-24,544,Mineral Exploration Licence (MEL),Active License,Rimbal Pty Ltd - Greenland branch,2005-01-01,2028-12-31,37,MEL 2010-24,M-13,"{""type"":""MultiPolygon"",""coordinates"":[[[[-45.91666667,60.93333333],[-45.75,60.93333333],[-45.75111111,60.88055556],[-45.77194444,60.86472222],[-45.8,60.85972222],[-45.8,60.88333333],[-45.81666667,60.88333333],[-45.81666667,60.9],[-45.86666667,60.9],[-45.86666667,60.88333333],[-45.9,60.88333333],[-45.9,60.9],[-45.91666667,60.9],[-45.91666667,60.93333333],[-45.91666667,60.93333333]]]]}"
MEL 2017-06,747,Mineral Exploration Licence (MEL),Active License,Longland Resources Limited,2017-01-01,2029-12-31,305.58,MEL 2017-06,M-42,"{""type"":""MultiPolygon"",""coordinates"":[[[[-31.33333333,68.58333333],[-31.1,68.58333333],[-31.1,68.5],[-31.2,68.5],[-31.2,68.35],[-31.3,68.35],[-31.3,68.26666667],[-31.33333333,68.26666667],[-31.33333333,68.25],[-31.36666667,68.25],[-31.36666667,68.21666667],[-31.41666667,68.21666667],[-31.41666667,68.2],[-31.4,68.2],[-31.4,68.15],[-31.48333333,68.15],[-31.48333333,68.26666667],[-31.43333333,68.26666667],[-31.43333333,68.28333333],[-31.4,68.28333333],[-31.4,68.45],[-31.33333333,68.45],[-31.33333333,68.58333333],[-31.33333333,68.58333333]]]]}"
MEL 2026-05,197730,Mineral Exploration Licence (MEL),Active License,Greenland Gold SRO,2026-01-01,2030-12-31,29.005,MEL 2026-05,M-471,"{""type"":""MultiPolygon"",""coordinates"":[[[[-45.66666667,60.95],[-45.58333333,60.95],[-45.58333333,60.93333333],[-45.6,60.93333333],[-45.6,60.91666667],[-45.61666667,60.91666667],[-45.61666667,60.9],[-45.7,60.9],[-45.7,60.91666667],[-45.73333333,60.91666667],[-45.73333333,60.9],[-45.75,60.9],[-45.75,60.93333333],[-45.66666667,60.93333333],[-45.66666667,60.95]]]]}"
MEL 2019-113,11604,Mineral Exploration Licence (MEL),Active License,Nalunaq A/S,2019-09-26,2030-12-31,114.288,MEL 2019-113,M-MLSA-101,"{""type"":""MultiPolygon"",""coordinates"":[[[[-44.76666667,60.61666667],[-44.7,60.61666667],[-44.7,60.6],[-44.66666667,60.6],[-44.66666667,60.58333333],[-44.6,60.58333333],[-44.6,60.56666667],[-44.56666667,60.56666667],[-44.56666667,60.55],[-44.55,60.55],[-44.55,60.53333333],[-44.51666667,60.53333333],[-44.51666667,60.5],[-44.56666667,60.5],[-44.56666667,60.51666667],[-44.6,60.51666667],[-44.6,60.53333333],[-44.63333333,60.53333333],[-44.63333333,60.55],[-44.7,60.55],[-44.7,60.58333333],[-44.76666667,60.58333333],[-44.76666667,60.61666667]]],[[[-43.65,61.03333333],[-43.55,61.03333333],[-43.55,60.98333333],[-43.5,60.98333333],[-43.5,60.96666667],[-43.48333333,60.96666667],[-43.48333333,60.95],[-43.55,60.95],[-43.55,60.96666667],[-43.56666667,60.96666667],[-43.56666667,60.98333333],[-43.66666667,60.98333333],[-43.66666667,61.01666667],[-43.65,61.01666667],[-43.65,61.03333333]]],[[[-43.23333333,61.11666667],[-43.16666667,61.11666667],[-43.16666667,61.08333333],[-43.23333333,61.08333333],[-43.23333333,61.11666667]]]]}"
MEL 2023-70,167388,Mineral Exploration Licence (MEL),Active License,Gardaq A/S,2023-07-25,2027-12-31,229.7551,MEL 2023-70,M-MLSA-341,"{""type"":""MultiPolygon"",""coordinates"":[[[[-48.15,60.83333333],[-48,60.83333333],[-48,60.81666667],[-47.95,60.81666667],[-47.95,60.8],[-47.91666667,60.8],[-47.91666667,60.78333333],[-47.88333333,60.78333333],[-47.88333333,60.76666667],[-47.85,60.76666667],[-47.85,60.75],[-47.81666667,60.75],[-47.81666667,60.73333333],[-47.76666667,60.73333333],[-47.76666667,60.66666667],[-48.1,60.66666667],[-48.1,60.7],[-48.13333333,60.7],[-48.13333333,60.73333333],[-48.16666667,60.73333333],[-48.16666667,60.8],[-48.15,60.8],[-48.15,60.83333333]]]]}"
MEL 2025-227,195718,Mineral Exploration Licence (MEL),Active License,Wally John Resources Greenland,2025-09-22,2030-12-31,69.81,MEL 2025-227,M-MLSA-451,"{""type"":""MultiPolygon"",""coordinates"":[[[[-63.76666667,80.25],[-63.05,80.25],[-63.05,80.21666667],[-63.63333333,80.21666667],[-63.63333333,80.15],[-63.76666667,80.15],[-63.76666667,80.25]]]]}"
MEL 2020-32,20250,Mineral Exploration Licence (MEL),Active License,Qaatsuitsup Ulloriaa,2020-03-01,2026-12-31,192.289,MEL 2020-32,M-MLSA-254,"{""type"":""MultiPolygon"",""coordinates"":[[[[-51.31666667,66.56666667],[-51.15,66.56666667],[-51.15,66.55],[-51.11666667,66.55],[-51.11666667,66.53333333],[-51.11666667,66.5],[-51.13333333,66.5],[-51.13333333,66.48333333],[-51.15,66.48333333],[-51.15,66.46666667],[-51.18333333,66.46666667],[-51.18333333,66.43333333],[-51.33333333,66.43333333],[-51.33333333,66.45],[-51.11666667,66.53333333],[-51.36666667,66.51666667],[-51.36666667,66.55],[-51.31666667,66.55],[-51.31666667,66.56666667]]],[[[-51.31666667,66.56666667],[-51.31666667,66.6],[-51.36666667,66.6],[-51.36666667,66.66666667],[-51.4,66.66666667],[-51.4,66.69166667],[-51.56666667,66.69166667],[-51.56666667,66.7125],[-51.4,66.7125],[-51.4,66.7],[-51.3,66.7],[-51.3,66.64166667],[-51.25,66.64166667],[-51.25,66.61666667],[-51.15,66.61666667],[-51.15,66.56666667],[-51.31666667,66.56666667]]]]}"
MIN 2025-115,202857,Mining Exploitation Licence (MIN),Active License,Greenland Resources A/S,2025-06-19,2055-06-19,88.18,MIN 2025-115,M-MLSA-495,"{""type"":""MultiPolygon"",""coordinates"":[[[[-24.31666667,71.98333333],[-24.23333333,71.98333333],[-24.23333333,72.05],[-24,72.05],[-24,72.01666667],[-24.05,72.01666667],[-24.05,71.95],[-24.31666667,71.95],[-24.31666667,71.98333333]]]]}"
MEL 2020-10,12275,Mineral Exploration Licence (MEL),Active License,Nikkeli Greenland A/S,2020-02-25,2026-12-31,288,MEL 2020-10,M-MLSA-106,"{""type"":""MultiPolygon"",""coordinates"":[[[[-53.85,70.01666667],[-53.85,70],[-53.8,70],[-53.8,69.98333333],[-53.76666667,69.98333333],[-53.76666667,69.96666667],[-53.7,69.96666667],[-53.7,69.93333333],[-53.65,69.93333333],[-53.65,69.91666667],[-53.5,69.91666667],[-53.5,69.86666667],[-53.68333333,69.86666667],[-53.68333333,69.88333333],[-53.75,69.88333333],[-53.75,69.9],[-53.81666667,69.9],[-53.81666667,69.91666667],[-53.86666667,69.91666667],[-53.86666667,69.93333333],[-53.9,69.93333333],[-53.9,69.95],[-53.96666667,69.95],[-53.96666667,69.96666667],[-54.08333333,69.96666667],[-54.08333333,69.95],[-54.11666667,69.95],[-54.11666667,69.91666667],[-54.1,69.91666667],[-54.1,69.88333333],[-54,69.88333333],[-54,69.85],[-54.23333333,69.85],[-54.23333333,69.86666667],[-54.25,69.86666667],[-54.25,69.88333333],[-54.28333333,69.88333333],[-54.28333333,69.95],[-54.25,69.95],[-54.25,69.98333333],[-54.21666667,69.98333333],[-54.21666667,70.01666667],[-53.85,70.01666667]]]]}"
MEL 2025-168,193795,Mineral Exploration Licence (MEL),Active License,ARC Joint Venture Company ApS,2025-07-26,2029-12-31,5773.28,MEL 2025-168,M-MLSA-421,"{""type"":""MultiPolygon"",""coordinates"":[[[[-29.3,82.05],[-25.68333333,82.05],[-25.68333333,82],[-25.71666667,82],[-25.71666667,81.98333333],[-25.73333333,81.98333333],[-25.73333333,81.96666667],[-25.76666667,81.96666667],[-25.76666667,81.93333333],[-25.8,81.93333333],[-25.8,81.91666667],[-25.83333333,81.91666667],[-25.83333333,81.88333333],[-25.86666667,81.88333333],[-25.86666667,81.83333333],[-25.9,81.83333333],[-25.9,81.76666667],[-25.91666667,81.76666667],[-25.91666667,81.58333333],[-26.13333333,81.58333333],[-26.13333333,81.5],[-26.9,81.5],[-26.9,81.41666667],[-28.33333333,81.41666667],[-28.33333333,81.35],[-29.58333333,81.35],[-29.58333333,81.31666667],[-31,81.31666667],[-31,81.45],[-31.7,81.45],[-31.7,81.56666667],[-32.11666667,81.56666667],[-32.11666667,81.85],[-31,81.85],[-31,81.9],[-30.3,81.9],[-30.3,81.96666667],[-29.3,81.96666667],[-29.3,82.05]]]]}"
MEL-S 2026-07,207551,Special Exploration Licence (MEL-S),Active License,Greenland Resources A/S,2026-02-18,2028-12-31,1147.76,MEL-S 2026-07,M-MLSA-504,"{""type"":""MultiPolygon"",""coordinates"":[[[[-24.43333333,72.36666667],[-24.2,72.36666667],[-24.2,72.31666667],[-24.08333333,72.31666667],[-24.08333333,72.23333333],[-24.2,72.23333333],[-24.2,72.05],[-24.23333333,72.05],[-24.23333333,71.98333333],[-24.31666667,71.98333333],[-24.31666667,71.95],[-24.05,71.95],[-24.05,72.01666667],[-24,72.01666667],[-24,72.05],[-23.85,72.05],[-23.85,72.13333333],[-23.81666667,72.13333333],[-23.81666667,72.21666667],[-23.9,72.21666667],[-23.9,72.225],[-23.88333333,72.225],[-23.88333333,72.24166667],[-23.9,72.24166667],[-23.9,72.26666667],[-23.7,72.26666667],[-23.7,72.15],[-23.46666667,72.15],[-23.46666667,72.13333333],[-23.36666667,72.13333333],[-23.36666667,72.11666667],[-23.26666667,72.11666667],[-23.26666667,72.1],[-23.16666667,72.1],[-23.16666667,72.08333333],[-23.08333333,72.08333333],[-23.08333333,72],[-23.53333333,72],[-23.53333333,71.88333333],[-23.8,71.88333333],[-23.8,71.85],[-24.43333333,71.85],[-24.43333333,72.36666667]]]]}"
MEL 2017-01,743,Mineral Exploration Licence (MEL),Active License,Nikkeli Greenland A/S,2017-01-01,2028-12-31,28,MEL 2017-01,M-41,"{""type"":""MultiPolygon"",""coordinates"":[[[[-52.66666667,69.9],[-52.56666667,69.9],[-52.56666667,69.88333333],[-52.53333333,69.88333333],[-52.53333333,69.86666667],[-52.46666667,69.86666667],[-52.46666667,69.83333333],[-52.53333333,69.83333333],[-52.53333333,69.85],[-52.6,69.85],[-52.6,69.86666667],[-52.66666667,69.86666667],[-52.66666667,69.9],[-52.66666667,69.9]]]]}"
MEL 2024-30,165581,Mineral Exploration Licence (MEL),Active License,Nikkeli Greenland A/S,2024-03-21,2028-12-31,112.01,MEL 2024-30,M-MLSA-337,"{""type"":""MultiPolygon"",""coordinates"":[[[[-53.01638889,70.08111111],[-53.01361111,70.08111111],[-53.01333333,70.08055556],[-53.01194444,70.08055556],[-53.01027778,70.07833333],[-53.0025,70.07833333],[-53.00027778,70.07],[-52.99111111,70.07],[-52.98722222,70.06666667],[-53.01666667,70.06666667],[-53.01638889,70.08111111]]],[[[-52.8,69.96666667],[-52.51666667,69.96666667],[-52.51666667,69.88333333],[-52.38333333,69.88333333],[-52.38333333,69.86666667],[-52.23333333,69.86666667],[-52.23333333,69.85],[-52.1,69.85],[-52.1,69.83333333],[-52.01666667,69.83333333],[-52.01666667,69.81666667],[-51.95,69.81666667],[-51.95,69.76666667],[-52.38333333,69.76666667],[-52.38333333,69.86222222],[-52.40888889,69.86277778],[-52.40722222,69.86694444],[-52.53333333,69.86694444],[-52.53333333,69.88333333],[-52.56666667,69.88333333],[-52.56666667,69.9],[-52.66666667,69.9],[-52.66666667,69.91666667],[-52.7,69.91666667],[-52.7,69.95],[-52.8,69.95],[-52.8,69.96666667]]]]}"
MEL 2015-17,727,Mineral Exploration Licence (MEL),Active License,Nalunaq A/S,2015-01-01,2026-12-31,78,MEL 2015-17,M-37,"{""type"":""MultiPolygon"",""coordinates"":[[[[-48.88333333,61.45],[-48.85,61.45],[-48.85,61.46666667],[-48.75,61.46666667],[-48.75,61.43333333],[-48.76666667,61.43333333],[-48.76666667,61.4],[-48.83333333,61.4],[-48.83333333,61.38333333],[-48.88333333,61.38333333],[-48.88333333,61.45],[-48.88333333,61.45]]],[[[-48.61666667,61.6],[-48.53333333,61.6],[-48.53333333,61.51666667],[-48.63333333,61.51666667],[-48.63333333,61.58333333],[-48.61666667,61.58333333],[-48.61666667,61.6],[-48.61666667,61.6]]]]}"
MEL 2018-16,782,Mineral Exploration Licence (MEL),Active License,Nikkeli Greenland A/S,2018-01-01,2029-12-31,1698,MEL 2018-16,M-50,"{""type"":""MultiPolygon"",""coordinates"":[[[[-54.1,70.3],[-54,70.3],[-54,70.15],[-53.9,70.15],[-53.9,70.13333333],[-53.8,70.13333333],[-53.8,70.16666667],[-53.85,70.16666667],[-53.85,70.3],[-53.8,70.3],[-53.8,70.26666667],[-53.4,70.26666667],[-53.4,70.23333333],[-53.1,70.23333333],[-53.1,70.13333333],[-53.01666667,70.13333333],[-53.01666667,70.06666667],[-52.88333333,70.06666667],[-52.88333333,70.01666667],[-52.8,70.01666667],[-52.8,69.95],[-52.7,69.95],[-52.7,69.91666667],[-52.66666667,69.91666667],[-52.66666667,69.86666667],[-52.6,69.86666667],[-52.6,69.85],[-52.53333333,69.85],[-52.53333333,69.83333333],[-52.46666667,69.83333333],[-52.46666667,69.85],[-52.38333333,69.85],[-52.38333333,69.78333333],[-52.76666667,69.78333333],[-52.76666667,69.85],[-53.01666667,69.85],[-53.01666667,69.91666667],[-53.4,69.91666667],[-53.4,70],[-53.71666667,70],[-53.71666667,70.08333333],[-54,70.08333333],[-54,70.11666667],[-54.1,70.11666667],[-54.1,70.3],[-54.1,70.3]]],[[[-54.11666667,70.35],[-53.75,70.43333333],[-53.55,70.43333333],[-53.55,70.41666667],[-53.35,70.41666667],[-53.35,70.48333333],[-53.75,70.48333333],[-53.75,70.43333333],[-54.11666667,70.35002778],[-54.11666667,70.35],[-54.11666667,70.43333333],[-54.11666667,70.45],[-54.25,70.45],[-54.25,70.53333333],[-53.26666667,70.53333333],[-53.26666667,70.35],[-53.36666667,70.35],[-54.11666667,70.35],[-54.11666667,70.35]]]]}"
MEL 2025-113,191728,Mineral Exploration Licence (MEL),Active License,Itinnera Solutions ApS,2025-06-30,2029-12-31,45.289,MEL 2025-113,M-413,"{""type"":""MultiPolygon"",""coordinates"":[[[[-51.36666667,63.53333333],[-51.21666667,63.53333333],[-51.21666667,63.51666667],[-51.16666667,63.51666667],[-51.16666667,63.5],[-51.11666667,63.5],[-51.11666667,63.51666667],[-51.05,63.51666667],[-51.05,63.48333333],[-51.06666667,63.48333333],[-51.06666667,63.46666667],[-51.18333333,63.46666667],[-51.18333333,63.43333333],[-51.36666667,63.43333333],[-51.36666667,63.51666667],[-51.28333333,63.51666667],[-51.28333333,63.5],[-51.2,63.48333333],[-51.2,63.5],[-51.28333333,63.51666667],[-51.36666667,63.51666667],[-51.36666667,63.53333333]]]]}"
MEL 2016-14,735,Mineral Exploration Licence (MEL),Active License,Greenland Gold SRO,2016-01-01,2027-12-31,41.88,MEL 2016-14,M-39,"{""type"":""MultiPolygon"",""coordinates"":[[[[-49.01666667,62.13333333],[-48.96666667,62.13333333],[-48.96666667,62.11666667],[-49,62.11666667],[-49,62.1],[-49.01666667,62.1],[-49.01666667,62.08333333],[-49.05,62.08333333],[-49.05,62.06666667],[-49.1,62.06666667],[-49.1,62.1],[-49.08333333,62.1],[-49.08333333,62.11666667],[-49.01666667,62.11666667],[-49.01666667,62.13333333]]],[[[-48.93333333,62.13333333],[-48.9,62.13333333],[-48.9,62.05],[-48.93333333,62.05],[-48.93333333,62.06666667],[-48.96666667,62.06666667],[-48.96666667,62.1],[-48.93333333,62.1],[-48.93333333,62.13333333]]]]}"
MEL 2018-19,790,Mineral Exploration Licence (MEL),Active License,Greenx Holdings Greenland,2017-12-20,2029-12-31,31.04,MEL 2018-19,M-52,"{""type"":""MultiPolygon"",""coordinates"":[[[[-25.05,73.23333333],[-24.76666667,73.23333333],[-24.76666667,73.21666667],[-25.01666667,73.21666667],[-25.01666667,73.2],[-25.05,73.2],[-25.05,73.23333333]]],[[[-25.11666667,73.16666667],[-25.01666667,73.16666667],[-25.01666667,73.15],[-25.05,73.15],[-25.05,73.13333333],[-25.15,73.13333333],[-25.15,73.15],[-25.11666667,73.15],[-25.11666667,73.16666667]]]]}"
MEL 2020-36,22323,Mineral Exploration Licence (MEL),Active License,Nalunaq A/S,2020-06-24,2026-12-31,182.6755,MEL 2020-36,M-MLSA-271,"{""type"":""MultiPolygon"",""coordinates"":[[[[-44.78333333,60.85],[-44.65,60.85],[-44.65,60.83333333],[-44.68333333,60.83333333],[-44.68333333,60.81666667],[-44.71666667,60.81666667],[-44.71666667,60.8],[-44.76666667,60.8],[-44.76666667,60.76666667],[-45,60.76666667],[-45,60.73333333],[-45.03333333,60.73333333],[-45.03333333,60.7],[-45.1,60.7],[-45.1,60.68333333],[-45.13333333,60.68333333],[-45.13333333,60.66666667],[-45.15,60.66666667],[-45.15,60.65],[-45.23333333,60.65],[-45.23333333,60.63333333],[-45.33333333,60.63333333],[-45.33333333,60.61666667],[-45.35,60.61666667],[-45.35,60.6],[-45.43333333,60.6],[-45.43333333,60.53333333],[-45.51666667,60.53333333],[-45.51666667,60.48333333],[-45.6,60.48333333],[-45.6,60.55],[-45.45,60.55],[-45.45,60.61666667],[-45.36666667,60.61666667],[-45.36666667,60.63333333],[-45.35,60.63333333],[-45.35,60.65],[-45.25,60.65],[-45.25,60.66666667],[-45.16666667,60.66666667],[-45.16666667,60.68333333],[-45.15,60.68333333],[-45.15,60.7],[-45.11666667,60.7],[-45.11666667,60.71666667],[-45.05,60.71666667],[-45.05,60.75],[-45.01666667,60.75],[-45.01666667,60.78333333],[-44.93333333,60.78333333],[-44.93333333,60.8],[-44.85,60.8],[-44.85,60.81666667],[-44.81666667,60.81666667],[-44.81666667,60.83333333],[-44.78333333,60.83333333],[-44.78333333,60.85]]],[[[-44.71666667,60.65],[-44.65,60.65],[-44.65,60.61666667],[-44.71666667,60.61666667],[-44.71666667,60.65]]],[[[-44.58333333,60.73333333],[-44.51666667,60.73333333],[-44.51666667,60.7],[-44.58333333,60.7],[-44.58333333,60.73333333]]],[[[-43.26666667,61.13333333],[-43.13333333,61.13333333],[-43.13333333,61.08333333],[-43.16666667,61.08333333],[-43.16666667,61.11666667],[-43.23333333,61.11666667],[-43.23333333,61.08333333],[-43.25,61.08333333],[-43.25,61.1],[-43.3,61.1],[-43.3,61.11666667],[-43.26666667,61.11666667],[-43.26666667,61.11666667],[-43.26666667,61.13333333]]]]}"
